#Freq	Total Weight	Target Weight	Gene set 1 (k=3)	Phi 1	Weight function 1
5688	20.7182186422	9.94966e+08	ENSP00000265140-uc003kkr.3-uc003kks.2, ENSP00000404860-uc003fcu.1-uc003fcv.1, ENSP00000440926-uc003xfp.1-uc003xfq.1	1.00505995326e-09	E
607	18.5593156622	1.1487e+08	ENSP00000338235-uc003yhz.2-uc010mbf.2, ENSP00000404860-uc003fcu.1-uc003fcv.1, ENSP00000440926-uc003xfp.1-uc003xfq.1	8.70545790845e-09	E
468	18.2462414776	8.39928e+07	ENSP00000273261-uc003dmx.2-uc011bfu.1, ENSP00000404860-uc003fcu.1-uc003fcv.1, ENSP00000440926-uc003xfp.1-uc003xfq.1	1.19057843197e-08	E
278	17.7400308824	5.06288e+07	ENSP00000386722-uc009ytl.2-uc001oth.3, ENSP00000404860-uc003fcu.1-uc003fcv.1, ENSP00000440926-uc003xfp.1-uc003xfq.1	1.97516089647e-08	E
240	17.7400308824	5.06288e+07	ENSP00000373648-uc003ytj.2-uc010mdt.2, ENSP00000404860-uc003fcu.1-uc003fcv.1, ENSP00000440926-uc003xfp.1-uc003xfq.1	1.97516089647e-08	E
221	17.3538411604	3.44094e+07	ENSP00000348630-uc003qws.1-uc011egu.1, ENSP00000404860-uc003fcu.1-uc003fcv.1, ENSP00000440926-uc003xfp.1-uc003xfq.1	2.90618023101e-08	E
194	17.3538411604	3.44094e+07	ENSP00000341903-uc002usq.2-uc002usu.2, ENSP00000404860-uc003fcu.1-uc003fcv.1, ENSP00000440926-uc003xfp.1-uc003xfq.1	2.90618023101e-08	E
266	16.9820403508	2.3725e+07	ENSP00000336580-uc004dap.2-uc004dao.2, ENSP00000362590-uc003onn.2-uc003onp.2, ENSP00000467366-uc002lwq.2-uc002lwp.1	4.21496122937e-08	E
108	16.8015331756	1.98067e+07	ENSP00000347999-uc002dbl.2-uc002dbi.2, ENSP00000404860-uc003fcu.1-uc003fcv.1, ENSP00000440926-uc003xfp.1-uc003xfq.1	5.0487847378e-08	E
92	16.3986172727	1.32382e+07	ENSP00000361565-uc004emy.1-uc004emz.2, ENSP00000404860-uc003fcu.1-uc003fcv.1, ENSP00000440926-uc003xfp.1-uc003xfq.1	7.55389611057e-08	E
90	16.3145519099	1.21708e+07	ENSP00000320797-uc002ixw.1-uc010wol.1, ENSP00000404860-uc003fcu.1-uc003fcv.1, ENSP00000440926-uc003xfp.1-uc003xfq.1	8.21637269805e-08	E
67	16.3127458602	1.21489e+07	ENSP00000361519-uc001cjk.1-uc001cjl.1, ENSP00000404860-uc003fcu.1-uc003fcv.1, ENSP00000440926-uc003xfp.1-uc003xfq.1	8.23122528337e-08	E
35	16.0086533626	8.96334e+06	ENSP00000357110-uc003qch.2-uc003qcd.1, ENSP00000404860-uc003fcu.1-uc003fcv.1, ENSP00000440926-uc003xfp.1-uc003xfq.1	1.11565568276e-07	E
42	15.946565473	8.42375e+06	ENSP00000369820-uc004cwr.2-uc010neu.2, ENSP00000404860-uc003fcu.1-uc003fcv.1, ENSP00000440926-uc003xfp.1-uc003xfq.1	1.1871199671e-07	E
42	15.9427836354	8.39195e+06	ENSP00000271657-uc001exr.2-uc010pcw.1, ENSP00000404860-uc003fcu.1-uc003fcv.1, ENSP00000440926-uc003xfp.1-uc003xfq.1	1.1916179619e-07	E
48	15.9004575361	8.04416e+06	ENSP00000332256-uc002bwn.3-uc010bpb.2, ENSP00000404860-uc003fcu.1-uc003fcv.1, ENSP00000440926-uc003xfp.1-uc003xfq.1	1.24313711335e-07	E
40	15.892883396	7.98347e+06	ENSP00000348564-uc001zql.2-uc001zqj.2, ENSP00000404860-uc003fcu.1-uc003fcv.1, ENSP00000440926-uc003xfp.1-uc003xfq.1	1.25258855606e-07	E
33	15.892883396	7.98347e+06	ENSP00000404860-uc003fcu.1-uc003fcv.1, ENSP00000430684-uc003xow.1-uc010lxj.1, ENSP00000440926-uc003xfp.1-uc003xfq.1	1.25258855606e-07	E
77	15.700907948	6.58897e+06	ENSP00000336580-uc004dap.2-uc004dao.2, ENSP00000369820-uc004cwr.2-uc010neu.2, ENSP00000467366-uc002lwq.2-uc002lwp.1	1.51768736067e-07	E
35	15.6225572686	6.09243e+06	ENSP00000256689-uc001rpg.2-uc010sli.1, ENSP00000404860-uc003fcu.1-uc003fcv.1, ENSP00000440926-uc003xfp.1-uc003xfq.1	1.64138169216e-07	E
30	15.5474341762	5.65151e+06	ENSP00000404860-uc003fcu.1-uc003fcv.1, ENSP00000440926-uc003xfp.1-uc003xfq.1, ENSP00000441140-uc004arv.2-uc004arw.2	1.76943710235e-07	E
35	15.5415340745	5.61827e+06	ENSP00000397570-uc001zoj.3-uc010bcl.2, ENSP00000404860-uc003fcu.1-uc003fcv.1, ENSP00000440926-uc003xfp.1-uc003xfq.1	1.77990782006e-07	E
24	15.491787474	5.34562e+06	ENSP00000267938-uc002bbg.2-uc002bbi.2, ENSP00000404860-uc003fcu.1-uc003fcv.1, ENSP00000440926-uc003xfp.1-uc003xfq.1	1.87069155312e-07	E
30	15.4747303746	5.25521e+06	ENSP00000361384-uc001cln.2-uc010oko.1, ENSP00000404860-uc003fcu.1-uc003fcv.1, ENSP00000440926-uc003xfp.1-uc003xfq.1	1.90287381261e-07	E
22	15.4679428873	5.21966e+06	ENSP00000310657-uc001jvk.2-uc010qks.1, ENSP00000404860-uc003fcu.1-uc003fcv.1, ENSP00000440926-uc003xfp.1-uc003xfq.1	1.9158334764e-07	E
49	15.2413859878	4.1615e+06	ENSP00000336580-uc004dap.2-uc004dao.2, ENSP00000358548-uc009wgu.2-uc001efh.3, ENSP00000467366-uc002lwq.2-uc002lwp.1	2.40298007051e-07	E
58	15.2292275248	4.11121e+06	ENSP00000336580-uc004dap.2-uc004dao.2, ENSP00000357110-uc003qch.2-uc003qcd.1, ENSP00000467366-uc002lwq.2-uc002lwp.1	2.43237495092e-07	E
22	15.2153278475	4.05446e+06	ENSP00000404860-uc003fcu.1-uc003fcv.1, ENSP00000406012-uc002cmb.2-uc002clz.2, ENSP00000440926-uc003xfp.1-uc003xfq.1	2.46642023911e-07	E
16	15.1401870983	3.76097e+06	ENSP00000345292-uc002xfw.2-uc010zvr.1, ENSP00000404860-uc003fcu.1-uc003fcv.1, ENSP00000440926-uc003xfp.1-uc003xfq.1	2.65888949531e-07	E
21	15.1401870983	3.76097e+06	ENSP00000299927-uc002bld.2-uc010upb.1, ENSP00000404860-uc003fcu.1-uc003fcv.1, ENSP00000440926-uc003xfp.1-uc003xfq.1	2.65888949531e-07	E
26	15.0867658602	3.56533e+06	ENSP00000396205-uc011mad.1-uc010mxi.2, ENSP00000404860-uc003fcu.1-uc003fcv.1, ENSP00000440926-uc003xfp.1-uc003xfq.1	2.80479314392e-07	E
21	15.0601279006	3.47161e+06	ENSP00000268638-uc002fjh.2-uc010chp.2, ENSP00000404860-uc003fcu.1-uc003fcv.1, ENSP00000440926-uc003xfp.1-uc003xfq.1	2.88051111914e-07	E
16	15.0307580011	3.37113e+06	ENSP00000404860-uc003fcu.1-uc003fcv.1, ENSP00000413507-uc011kav.1-uc003tey.2, ENSP00000440926-uc003xfp.1-uc003xfq.1	2.9663660453e-07	E
25	14.9222108936	3.02436e+06	ENSP00000336580-uc004dap.2-uc004dao.2, ENSP00000443442-uc001ria.2-uc001rif.1, ENSP00000467366-uc002lwq.2-uc002lwp.1	3.30648191091e-07	E
20	14.8260272122	2.74702e+06	ENSP00000404860-uc003fcu.1-uc003fcv.1, ENSP00000440797-uc001xzg.2-uc001xzh.2, ENSP00000440926-uc003xfp.1-uc003xfq.1	3.64030852913e-07	E
20	14.8207730933	2.73262e+06	ENSP00000308893-uc002wah.1-uc002waj.1, ENSP00000404860-uc003fcu.1-uc003fcv.1, ENSP00000440926-uc003xfp.1-uc003xfq.1	3.65948547785e-07	E
19	14.6854246371	2.38671e+06	ENSP00000329748-uc001rls.1-uc001rlr.1, ENSP00000404860-uc003fcu.1-uc003fcv.1, ENSP00000440926-uc003xfp.1-uc003xfq.1	4.18987547475e-07	E
11	14.6854246371	2.38671e+06	ENSP00000369419-uc003ujs.2-uc010lek.2, ENSP00000404860-uc003fcu.1-uc003fcv.1, ENSP00000440926-uc003xfp.1-uc003xfq.1	4.18987547475e-07	E
12	14.652771935	2.31003e+06	ENSP00000404860-uc003fcu.1-uc003fcv.1, ENSP00000415203-uc003gak.3-uc010ibf.2, ENSP00000440926-uc003xfp.1-uc003xfq.1	4.32894436173e-07	E
9	14.652771935	2.31003e+06	ENSP00000369871-uc003znk.2-uc011lmz.1, ENSP00000404860-uc003fcu.1-uc003fcv.1, ENSP00000440926-uc003xfp.1-uc003xfq.1	4.32894436173e-07	E
13	14.652771935	2.31003e+06	ENSP00000404860-uc003fcu.1-uc003fcv.1, ENSP00000440926-uc003xfp.1-uc003xfq.1, ENSP00000463733-uc002ixf.1-uc002ixg.1	4.32894436173e-07	E
11	14.6491131524	2.3016e+06	ENSP00000363283-uc001bmr.1-uc010ofe.1, ENSP00000404860-uc003fcu.1-uc003fcv.1, ENSP00000440926-uc003xfp.1-uc003xfq.1	4.34481203884e-07	E
18	14.6491131524	2.3016e+06	ENSP00000345810-uc002wze.1-uc002wzj.1, ENSP00000404860-uc003fcu.1-uc003fcv.1, ENSP00000440926-uc003xfp.1-uc003xfq.1	4.34481203884e-07	E
17	14.6491131524	2.3016e+06	ENSP00000298317-uc001qde.2-uc010sbl.1, ENSP00000404860-uc003fcu.1-uc003fcv.1, ENSP00000440926-uc003xfp.1-uc003xfq.1	4.34481203884e-07	E
7	14.4299882773	1.84869e+06	ENSP00000383401-uc002kod.1-uc002kof.2, ENSP00000404860-uc003fcu.1-uc003fcv.1, ENSP00000440926-uc003xfp.1-uc003xfq.1	5.40923335319e-07	E
15	14.2939275388	1.61352e+06	ENSP00000369820-uc004cwr.2-uc010neu.2, ENSP00000404860-uc003fcu.1-uc003fcv.1, ENSP00000431688-uc001nnb.2-uc001nnc.2	6.19763713513e-07	E
10	14.2506821724	1.54523e+06	ENSP00000252699-uc002oja.1-uc002ojb.1, ENSP00000404860-uc003fcu.1-uc003fcv.1, ENSP00000440926-uc003xfp.1-uc003xfq.1	6.47153596669e-07	E
6	14.2506821724	1.54523e+06	ENSP00000261593-uc002kxg.2-uc002kxh.2, ENSP00000404860-uc003fcu.1-uc003fcv.1, ENSP00000440926-uc003xfp.1-uc003xfq.1	6.47153596669e-07	E
12	14.2506821724	1.54523e+06	ENSP00000362299-uc004bsj.3-uc011mam.1, ENSP00000404860-uc003fcu.1-uc003fcv.1, ENSP00000440926-uc003xfp.1-uc003xfq.1	6.47153596669e-07	E
7	14.2417255323	1.53145e+06	ENSP00000352497-uc001fnp.2-uc010phe.1, ENSP00000404860-uc003fcu.1-uc003fcv.1, ENSP00000440926-uc003xfp.1-uc003xfq.1	6.52975953949e-07	E
12	14.2417255323	1.53145e+06	ENSP00000365757-uc001irl.3-uc010qcu.1, ENSP00000404860-uc003fcu.1-uc003fcv.1, ENSP00000440926-uc003xfp.1-uc003xfq.1	6.5297595395e-07	E
5	14.1622458322	1.41444e+06	ENSP00000314420-uc002gkd.2-uc010cns.2, ENSP00000404860-uc003fcu.1-uc003fcv.1, ENSP00000440926-uc003xfp.1-uc003xfq.1	7.06992462629e-07	E
2	14.124056038	1.36144e+06	ENSP00000358767-uc001eal.1-uc001eak.1, ENSP00000361565-uc004emy.1-uc004emz.2, ENSP00000404860-uc003fcu.1-uc003fcv.1	7.34514545703e-07	E
7	14.1110296359	1.34382e+06	ENSP00000336580-uc004dap.2-uc004dao.2, ENSP00000350331-uc001iig.2-uc001iii.2, ENSP00000467366-uc002lwq.2-uc002lwp.1	7.44145217803e-07	E
17	14.0791328019	1.30164e+06	ENSP00000005178-uc003uoa.2-uc003unz.2, ENSP00000336580-uc004dap.2-uc004dao.2, ENSP00000467366-uc002lwq.2-uc002lwp.1	7.68263701133e-07	E
7	14.0373959709	1.24843e+06	ENSP00000366307-uc002wss.2-uc002wst.1, ENSP00000404860-uc003fcu.1-uc003fcv.1, ENSP00000431688-uc001nnb.2-uc001nnc.2	8.01007144168e-07	E
3	14.016703394	1.22286e+06	ENSP00000198767-uc002dde.2-uc010uzp.1, ENSP00000404860-uc003fcu.1-uc003fcv.1, ENSP00000440926-uc003xfp.1-uc003xfq.1	8.17754723779e-07	E
4	13.9585541716	1.15378e+06	ENSP00000307567-uc003cvx.2-uc011bcc.1, ENSP00000404860-uc003fcu.1-uc003fcv.1, ENSP00000440926-uc003xfp.1-uc003xfq.1	8.66716267408e-07	E
5	13.953847528	1.14836e+06	ENSP00000314420-uc002gkd.2-uc010cns.2, ENSP00000358767-uc001eal.1-uc001eak.1, ENSP00000404860-uc003fcu.1-uc003fcv.1	8.70805206998e-07	E
18	13.9252825312	1.11602e+06	ENSP00000336580-uc004dap.2-uc004dao.2, ENSP00000400717-uc002jfc.2-uc010wqh.1, ENSP00000467366-uc002lwq.2-uc002lwp.1	8.96038432776e-07	E
4	13.8939203384	1.08157e+06	ENSP00000385939-uc003sqt.1-uc011jxa.1, ENSP00000404860-uc003fcu.1-uc003fcv.1, ENSP00000440926-uc003xfp.1-uc003xfq.1	9.24585471885e-07	E
3	13.8901313979	1.07748e+06	ENSP00000358767-uc001eal.1-uc001eak.1, ENSP00000369820-uc004cwr.2-uc010neu.2, ENSP00000404860-uc003fcu.1-uc003fcv.1	9.28095316309e-07	E
5	13.8523071251	1.03748e+06	ENSP00000255304-uc001utc.2-uc001ute.1, ENSP00000404860-uc003fcu.1-uc003fcv.1, ENSP00000440926-uc003xfp.1-uc003xfq.1	9.63872198654e-07	E
6	13.8523071251	1.03748e+06	ENSP00000299275-uc001reb.2-uc009zio.2, ENSP00000404860-uc003fcu.1-uc003fcv.1, ENSP00000440926-uc003xfp.1-uc003xfq.1	9.63872198654e-07	E
7	13.8380067752	1.02275e+06	ENSP00000326804-uc003wey.2-uc003wez.2, ENSP00000404860-uc003fcu.1-uc003fcv.1, ENSP00000440926-uc003xfp.1-uc003xfq.1	9.77754935803e-07	E
5	13.8380067752	1.02275e+06	ENSP00000267859-uc010uhc.1-uc002agi.3, ENSP00000404860-uc003fcu.1-uc003fcv.1, ENSP00000440926-uc003xfp.1-uc003xfq.1	9.77754935803e-07	E
9	13.8380067752	1.02275e+06	ENSP00000258229-uc001hvl.2-uc001hvm.1, ENSP00000404860-uc003fcu.1-uc003fcv.1, ENSP00000440926-uc003xfp.1-uc003xfq.1	9.77754935803e-07	E
4	13.8380067752	1.02275e+06	ENSP00000392066-uc002zjo.2-uc002zjt.2, ENSP00000404860-uc003fcu.1-uc003fcv.1, ENSP00000440926-uc003xfp.1-uc003xfq.1	9.77754935803e-07	E
5	13.8308315342	1.01544e+06	ENSP00000357110-uc003qch.2-uc003qcd.1, ENSP00000358767-uc001eal.1-uc001eak.1, ENSP00000404860-uc003fcu.1-uc003fcv.1	9.84795792826e-07	E
9	13.7642586378	950039	ENSP00000265112-uc003jhy.2-uc011cob.1, ENSP00000404860-uc003fcu.1-uc003fcv.1, ENSP00000440926-uc003xfp.1-uc003xfq.1	1.05258802798e-06	E
4	13.6613614467	857144	ENSP00000258229-uc001hvl.2-uc001hvm.1, ENSP00000361565-uc004emy.1-uc004emz.2, ENSP00000404860-uc003fcu.1-uc003fcv.1	1.16666483665e-06	E
3	13.6598493942	855849	ENSP00000364218-uc004aym.2-uc004ayk.2, ENSP00000404860-uc003fcu.1-uc003fcv.1, ENSP00000440926-uc003xfp.1-uc003xfq.1	1.16843022953e-06	E
14	13.6555900423	852212	ENSP00000336580-uc004dap.2-uc004dao.2, ENSP00000346643-uc001jpf.3-uc009xqb.2, ENSP00000467366-uc002lwq.2-uc002lwp.1	1.17341759894e-06	E
5	13.577067833	787854	ENSP00000265140-uc003kkr.3-uc003kks.2, ENSP00000358767-uc001eal.1-uc001eak.1, ENSP00000404860-uc003fcu.1-uc003fcv.1	1.26927100644e-06	E
6	13.5722549193	784071	ENSP00000296529-uc003ipx.2-uc010iqi.2, ENSP00000404860-uc003fcu.1-uc003fcv.1, ENSP00000440926-uc003xfp.1-uc003xfq.1	1.27539462264e-06	E
4	13.5038305799	732216	ENSP00000261486-uc003kpv.1-uc003kpu.1, ENSP00000404860-uc003fcu.1-uc003fcv.1, ENSP00000440926-uc003xfp.1-uc003xfq.1	1.36571756355e-06	E
7	13.5038305799	732216	ENSP00000356683-uc001gjf.3-uc009wwg.2, ENSP00000404860-uc003fcu.1-uc003fcv.1, ENSP00000440926-uc003xfp.1-uc003xfq.1	1.36571756355e-06	E
3	13.4576876949	699197	ENSP00000376702-uc002jat.2-uc010wpf.1, ENSP00000404860-uc003fcu.1-uc003fcv.1, ENSP00000440926-uc003xfp.1-uc003xfq.1	1.43021225466e-06	E
5	13.4576876949	699197	ENSP00000387006-uc002unp.2-uc002uno.2, ENSP00000404860-uc003fcu.1-uc003fcv.1, ENSP00000440926-uc003xfp.1-uc003xfq.1	1.43021225466e-06	E
6	13.4576876949	699197	ENSP00000404860-uc003fcu.1-uc003fcv.1, ENSP00000440926-uc003xfp.1-uc003xfq.1, ENSP00000463016-uc001etg.2-uc009wlk.2	1.43021225466e-06	E
3	13.4576876949	699197	ENSP00000404860-uc003fcu.1-uc003fcv.1, ENSP00000440926-uc003xfp.1-uc003xfq.1, ENSP00000465665-uc002jvw.2-uc010wtv.1	1.43021225466e-06	E
11	13.4366609764	684649	ENSP00000336580-uc004dap.2-uc004dao.2, ENSP00000366307-uc002wss.2-uc002wst.1, ENSP00000467366-uc002lwq.2-uc002lwp.1	1.46060331754e-06	E
5	13.4329627843	682121	ENSP00000314420-uc002gkd.2-uc010cns.2, ENSP00000404860-uc003fcu.1-uc003fcv.1, ENSP00000431688-uc001nnb.2-uc001nnc.2	1.46601490962e-06	E
1	13.4226045368	675092	ENSP00000404860-uc003fcu.1-uc003fcv.1, ENSP00000440926-uc003xfp.1-uc003xfq.1, ENSP00000448012-uc001tar.2-uc001taq.2	1.48127917394e-06	E
6	13.3880641203	652172	ENSP00000360373-uc004esv.2-uc010nqq.2, ENSP00000404860-uc003fcu.1-uc003fcv.1, ENSP00000440926-uc003xfp.1-uc003xfq.1	1.53333704842e-06	E
7	13.325725141	612758	ENSP00000260570-uc002rku.2-uc010ezb.2, ENSP00000336580-uc004dap.2-uc004dao.2, ENSP00000467366-uc002lwq.2-uc002lwp.1	1.6319659901e-06	E
7	13.325725141	612758	ENSP00000198767-uc002dde.2-uc010uzp.1, ENSP00000336580-uc004dap.2-uc004dao.2, ENSP00000467366-uc002lwq.2-uc002lwp.1	1.6319659901e-06	E
6	13.2979108036	595949	ENSP00000256689-uc001rpg.2-uc010sli.1, ENSP00000336580-uc004dap.2-uc004dao.2, ENSP00000467366-uc002lwq.2-uc002lwp.1	1.67799521151e-06	E
7	13.2829952756	587126	ENSP00000265140-uc003kkr.3-uc003kks.2, ENSP00000336580-uc004dap.2-uc004dao.2, ENSP00000467366-uc002lwq.2-uc002lwp.1	1.70321098186e-06	E
3	13.2805599185	585698	ENSP00000356906-uc001gbz.1-uc001gca.1, ENSP00000404860-uc003fcu.1-uc003fcv.1, ENSP00000440926-uc003xfp.1-uc003xfq.1	1.70736396374e-06	E
3	13.2746358269	582239	ENSP00000367440-uc003nej.2-uc003nei.2, ENSP00000404860-uc003fcu.1-uc003fcv.1, ENSP00000440926-uc003xfp.1-uc003xfq.1	1.71750856333e-06	E
4	13.2666701911	577619	ENSP00000336580-uc004dap.2-uc004dao.2, ENSP00000417963-uc003oth.2-uc010jyd.2, ENSP00000467366-uc002lwq.2-uc002lwp.1	1.73124424523e-06	E
3	13.2247948552	553931	ENSP00000367440-uc003nej.2-uc003nei.2, ENSP00000404860-uc003fcu.1-uc003fcv.1, ENSP00000431688-uc001nnb.2-uc001nnc.2	1.805279997e-06	E
5	13.2184178379	550410	ENSP00000263734-uc002ruv.2-uc002ruw.2, ENSP00000404860-uc003fcu.1-uc003fcv.1, ENSP00000440926-uc003xfp.1-uc003xfq.1	1.81682908408e-06	E
3	13.1175680061	497608	ENSP00000325269-uc003vfc.2-uc011kmj.1, ENSP00000404860-uc003fcu.1-uc003fcv.1, ENSP00000440926-uc003xfp.1-uc003xfq.1	2.00961377503e-06	E
1	13.1175680061	497608	ENSP00000404860-uc003fcu.1-uc003fcv.1, ENSP00000436604-uc001tbd.2-uc001tbe.2, ENSP00000440926-uc003xfp.1-uc003xfq.1	2.00961377503e-06	E
1	13.0668670785	473008	ENSP00000404860-uc003fcu.1-uc003fcv.1, ENSP00000440926-uc003xfp.1-uc003xfq.1, ENSP00000442370-uc010euf.2-uc002qpy.2	2.11413020948e-06	E
3	13.0668670785	473008	ENSP00000361097-uc001kea.2-uc010qmn.1, ENSP00000404860-uc003fcu.1-uc003fcv.1, ENSP00000440926-uc003xfp.1-uc003xfq.1	2.11413020948e-06	E
3	13.0454202545	462971	ENSP00000330470-uc003akk.2-uc003aki.2, ENSP00000404860-uc003fcu.1-uc003fcv.1, ENSP00000431688-uc001nnb.2-uc001nnc.2	2.15996129698e-06	E
2	13.0147674113	448995	ENSP00000404860-uc003fcu.1-uc003fcv.1, ENSP00000440926-uc003xfp.1-uc003xfq.1, ENSP00000458302-uc003uae.1-uc003uaf.1	2.22719544649e-06	E
4	12.9831264256	435011	ENSP00000240499-uc003gaa.2-uc003gab.2, ENSP00000336580-uc004dap.2-uc004dao.2, ENSP00000467366-uc002lwq.2-uc002lwp.1	2.29879283869e-06	E
5	12.9508242433	421184	ENSP00000314420-uc002gkd.2-uc010cns.2, ENSP00000336580-uc004dap.2-uc004dao.2, ENSP00000467366-uc002lwq.2-uc002lwp.1	2.37426119834e-06	E
2	12.808995379	365490	ENSP00000284878-uc002yki.2-uc002ykj.1, ENSP00000415436-uc001rrx.2-uc001rru.2, ENSP00000440926-uc003xfp.1-uc003xfq.1	2.73604973888e-06	E
1	12.7442006835	342560	ENSP00000358548-uc009wgu.2-uc001efh.3, ENSP00000404860-uc003fcu.1-uc003fcv.1, ENSP00000440926-uc003xfp.1-uc003xfq.1	2.91920078327e-06	E
5	12.7351744716	339481	ENSP00000216264-uc003bia.2-uc010hae.2, ENSP00000404860-uc003fcu.1-uc003fcv.1, ENSP00000440926-uc003xfp.1-uc003xfq.1	2.94566938414e-06	E
1	12.7351744716	339481	ENSP00000272638-uc002tur.2-uc002tut.2, ENSP00000404860-uc003fcu.1-uc003fcv.1, ENSP00000440926-uc003xfp.1-uc003xfq.1	2.94566938414e-06	E
2	12.7351744716	339481	ENSP00000403783-uc002sbz.2-uc002scb.2, ENSP00000404860-uc003fcu.1-uc003fcv.1, ENSP00000440926-uc003xfp.1-uc003xfq.1	2.94566938414e-06	E
1	12.6987888526	327351	ENSP00000260570-uc002rku.2-uc010ezb.2, ENSP00000404860-uc003fcu.1-uc003fcv.1, ENSP00000440926-uc003xfp.1-uc003xfq.1	3.05482315954e-06	E
5	12.679890873	321223	ENSP00000242257-uc003slm.2-uc003slo.2, ENSP00000404860-uc003fcu.1-uc003fcv.1, ENSP00000440926-uc003xfp.1-uc003xfq.1	3.11310208785e-06	E
3	12.6709870964	318376	ENSP00000330470-uc003akk.2-uc003aki.2, ENSP00000336580-uc004dap.2-uc004dao.2, ENSP00000467366-uc002lwq.2-uc002lwp.1	3.14094421947e-06	E
1	12.6511405764	312119	ENSP00000358694-uc001kyp.1-uc001kyq.1, ENSP00000361565-uc004emy.1-uc004emz.2, ENSP00000404860-uc003fcu.1-uc003fcv.1	3.20390372864e-06	E
2	12.6074641185	298780	ENSP00000336580-uc004dap.2-uc004dao.2, ENSP00000356042-uc003qru.3-uc011efr.1, ENSP00000467366-uc002lwq.2-uc002lwp.1	3.34693981233e-06	E
2	12.5973169938	295764	ENSP00000368076-uc002fbm.1-uc010vml.1, ENSP00000404860-uc003fcu.1-uc003fcv.1, ENSP00000431688-uc001nnb.2-uc001nnc.2	3.3810745197e-06	E
4	12.5483758538	281637	ENSP00000285046-uc003bzc.2-uc003bzd.2, ENSP00000404860-uc003fcu.1-uc003fcv.1, ENSP00000440926-uc003xfp.1-uc003xfq.1	3.55066426961e-06	E
5	12.5483758538	281637	ENSP00000368076-uc002fbm.1-uc010vml.1, ENSP00000404860-uc003fcu.1-uc003fcv.1, ENSP00000440926-uc003xfp.1-uc003xfq.1	3.55066426961e-06	E
2	12.5337153647	277539	ENSP00000380025-uc002vhp.1-uc010zjz.1, ENSP00000404860-uc003fcu.1-uc003fcv.1, ENSP00000440926-uc003xfp.1-uc003xfq.1	3.60310218778e-06	E
1	12.5337153647	277539	ENSP00000311291-uc003eqa.3-uc003eqb.3, ENSP00000404860-uc003fcu.1-uc003fcv.1, ENSP00000440926-uc003xfp.1-uc003xfq.1	3.60310218778e-06	E
3	12.4366016653	251853	ENSP00000297423-uc003xqd.2-uc011ldf.1, ENSP00000404860-uc003fcu.1-uc003fcv.1, ENSP00000440926-uc003xfp.1-uc003xfq.1	3.97056694845e-06	E
2	12.4366016653	251853	ENSP00000264705-uc002rji.2-uc010eyw.2, ENSP00000404860-uc003fcu.1-uc003fcv.1, ENSP00000440926-uc003xfp.1-uc003xfq.1	3.97056694845e-06	E
2	12.4088225843	244953	ENSP00000219473-uc002fii.2-uc010vof.1, ENSP00000404860-uc003fcu.1-uc003fcv.1, ENSP00000440926-uc003xfp.1-uc003xfq.1	4.08241193229e-06	E
2	12.4088225843	244953	ENSP00000404860-uc003fcu.1-uc003fcv.1, ENSP00000419446-uc003xmr.2-uc003xms.2, ENSP00000440926-uc003xfp.1-uc003xfq.1	4.08241193229e-06	E
4	12.3615087991	233633	ENSP00000323973-uc003emn.2-uc003ems.2, ENSP00000336580-uc004dap.2-uc004dao.2, ENSP00000467366-uc002lwq.2-uc002lwp.1	4.28020865183e-06	E
5	12.3566940673	232511	ENSP00000358794-uc001dzo.1-uc001dzq.1, ENSP00000404860-uc003fcu.1-uc003fcv.1, ENSP00000440926-uc003xfp.1-uc003xfq.1	4.30086639937e-06	E
1	12.3566940673	232511	ENSP00000268482-uc002fcb.2-uc010vmp.1, ENSP00000404860-uc003fcu.1-uc003fcv.1, ENSP00000440926-uc003xfp.1-uc003xfq.1	4.30086639937e-06	E
2	12.3566940673	232511	ENSP00000225573-uc002imo.2-uc010wla.1, ENSP00000404860-uc003fcu.1-uc003fcv.1, ENSP00000440926-uc003xfp.1-uc003xfq.1	4.30086639937e-06	E
4	12.3138927766	222769	ENSP00000291688-uc002zir.1-uc002zio.1, ENSP00000336580-uc004dap.2-uc004dao.2, ENSP00000467366-uc002lwq.2-uc002lwp.1	4.48894533142e-06	E
2	12.2810470596	215571	ENSP00000347586-uc003ltq.2-uc011dcq.1, ENSP00000404860-uc003fcu.1-uc003fcv.1, ENSP00000440926-uc003xfp.1-uc003xfq.1	4.6388361189e-06	E
1	12.2810470596	215571	ENSP00000296003-uc003brz.2-uc010hcl.2, ENSP00000404860-uc003fcu.1-uc003fcv.1, ENSP00000440926-uc003xfp.1-uc003xfq.1	4.6388361189e-06	E
1	12.1912461	197057	ENSP00000366307-uc002wss.2-uc002wst.1, ENSP00000404860-uc003fcu.1-uc003fcv.1, ENSP00000440926-uc003xfp.1-uc003xfq.1	5.07468501984e-06	E
2	12.1912461	197057	ENSP00000404860-uc003fcu.1-uc003fcv.1, ENSP00000415436-uc001rrx.2-uc001rru.2, ENSP00000440926-uc003xfp.1-uc003xfq.1	5.07468501984e-06	E
1	12.1701372711	192941	ENSP00000256689-uc001rpg.2-uc010sli.1, ENSP00000404860-uc003fcu.1-uc003fcv.1, ENSP00000431688-uc001nnb.2-uc001nnc.2	5.18294427096e-06	E
1	12.1662355262	192189	ENSP00000269919-uc002nis.1-uc010xqg.1, ENSP00000404860-uc003fcu.1-uc003fcv.1, ENSP00000440926-uc003xfp.1-uc003xfq.1	5.20320630037e-06	E
3	12.1662355262	192189	ENSP00000245441-uc001wyi.2-uc001wyj.2, ENSP00000404860-uc003fcu.1-uc003fcv.1, ENSP00000440926-uc003xfp.1-uc003xfq.1	5.20320630037e-06	E
2	12.1532571452	189711	ENSP00000370630-uc001xmt.2-uc001xmw.2, ENSP00000404860-uc003fcu.1-uc003fcv.1, ENSP00000440926-uc003xfp.1-uc003xfq.1	5.27117560558e-06	E
2	12.1168369908	182926	ENSP00000404860-uc003fcu.1-uc003fcv.1, ENSP00000407487-uc002bqg.2-uc002bqi.2, ENSP00000431688-uc001nnb.2-uc001nnc.2	5.46669138155e-06	E
1	12.0659330853	173847	ENSP00000345308-uc009wot.2-uc001fer.2, ENSP00000404860-uc003fcu.1-uc003fcv.1, ENSP00000440926-uc003xfp.1-uc003xfq.1	5.75217171255e-06	E
1	12.0361925627	168753	ENSP00000320885-uc002roc.2-uc002rod.2, ENSP00000404860-uc003fcu.1-uc003fcv.1, ENSP00000440926-uc003xfp.1-uc003xfq.1	5.92581360723e-06	E
6	12.0310795228	167893	ENSP00000336580-uc004dap.2-uc004dao.2, ENSP00000339145-uc002zdk.2-uc002zdl.2, ENSP00000467366-uc002lwq.2-uc002lwp.1	5.95619012072e-06	E
1	12.0310795228	167893	ENSP00000336580-uc004dap.2-uc004dao.2, ENSP00000368076-uc002fbm.1-uc010vml.1, ENSP00000467366-uc002lwq.2-uc002lwp.1	5.95619012072e-06	E
2	12.0098073378	164359	ENSP00000321498-uc003vvo.2-uc003vvn.2, ENSP00000336580-uc004dap.2-uc004dao.2, ENSP00000467366-uc002lwq.2-uc002lwp.1	6.08424851059e-06	E
1	12.003241966	163283	ENSP00000323973-uc003emn.2-uc003ems.2, ENSP00000404860-uc003fcu.1-uc003fcv.1, ENSP00000440926-uc003xfp.1-uc003xfq.1	6.12432527955e-06	E
4	11.9992972503	162640	ENSP00000336580-uc004dap.2-uc004dao.2, ENSP00000362804-uc001jnh.3-uc009xpq.2, ENSP00000467366-uc002lwq.2-uc002lwp.1	6.14853171405e-06	E
3	11.9992972503	162640	ENSP00000336580-uc004dap.2-uc004dao.2, ENSP00000344866-uc003goc.1-uc010idw.1, ENSP00000467366-uc002lwq.2-uc002lwp.1	6.14853171405e-06	E
5	11.991890268	161440	ENSP00000284878-uc002yki.2-uc002ykj.1, ENSP00000345292-uc002xfw.2-uc010zvr.1, ENSP00000440926-uc003xfp.1-uc003xfq.1	6.1942428618e-06	E
1	11.9821732153	159879	ENSP00000345739-uc002mng.2-uc002mnf.2, ENSP00000404860-uc003fcu.1-uc003fcv.1, ENSP00000440926-uc003xfp.1-uc003xfq.1	6.25472602886e-06	E
1	11.9821732153	159879	ENSP00000377415-uc002hzq.2-uc002hzu.2, ENSP00000404860-uc003fcu.1-uc003fcv.1, ENSP00000440926-uc003xfp.1-uc003xfq.1	6.25472602886e-06	E
1	11.9821732153	159879	ENSP00000362298-uc001jrm.2-uc009xqk.2, ENSP00000404860-uc003fcu.1-uc003fcv.1, ENSP00000440926-uc003xfp.1-uc003xfq.1	6.25472602886e-06	E
1	11.9821732153	159879	ENSP00000404860-uc003fcu.1-uc003fcv.1, ENSP00000440926-uc003xfp.1-uc003xfq.1, ENSP00000463154-uc001etw.2-uc010pbt.1	6.25472602886e-06	E
1	11.9821732153	159879	ENSP00000356155-uc001haw.2-uc010pqv.1, ENSP00000404860-uc003fcu.1-uc003fcv.1, ENSP00000440926-uc003xfp.1-uc003xfq.1	6.25472602886e-06	E
1	11.9328497653	152185	ENSP00000271688-uc001evz.2-uc009wmh.2, ENSP00000361565-uc004emy.1-uc004emz.2, ENSP00000404860-uc003fcu.1-uc003fcv.1	6.57096559909e-06	E
1	11.8538462706	140624	ENSP00000360373-uc004esv.2-uc010nqq.2, ENSP00000404860-uc003fcu.1-uc003fcv.1, ENSP00000431688-uc001nnb.2-uc001nnc.2	7.11115222264e-06	E
2	11.806289609	134093	ENSP00000287169-uc001nkx.1-uc001nky.1, ENSP00000404860-uc003fcu.1-uc003fcv.1, ENSP00000440926-uc003xfp.1-uc003xfq.1	7.45750530671e-06	E
1	11.806289609	134093	ENSP00000362804-uc001jnh.3-uc009xpq.2, ENSP00000404860-uc003fcu.1-uc003fcv.1, ENSP00000440926-uc003xfp.1-uc003xfq.1	7.45750530671e-06	E
2	11.8047594944	133888	ENSP00000296003-uc003brz.2-uc010hcl.2, ENSP00000404860-uc003fcu.1-uc003fcv.1, ENSP00000431688-uc001nnb.2-uc001nnc.2	7.46892487843e-06	E
2	11.8027706538	133622	ENSP00000265993-uc001klb.3-uc001kla.3, ENSP00000404860-uc003fcu.1-uc003fcv.1, ENSP00000440926-uc003xfp.1-uc003xfq.1	7.48379416125e-06	E
4	11.7926910459	132282	ENSP00000336580-uc004dap.2-uc004dao.2, ENSP00000458302-uc003uae.1-uc003uaf.1, ENSP00000467366-uc002lwq.2-uc002lwp.1	7.55960932313e-06	E
2	11.7483685935	126547	ENSP00000358767-uc001eal.1-uc001eak.1, ENSP00000383401-uc002kod.1-uc002kof.2, ENSP00000404860-uc003fcu.1-uc003fcv.1	7.90220602702e-06	E
2	11.7460525875	126254	ENSP00000361565-uc004emy.1-uc004emz.2, ENSP00000378302-uc001rzt.2-uc009zmc.2, ENSP00000404860-uc003fcu.1-uc003fcv.1	7.9205287936e-06	E
1	11.7137284264	122238	ENSP00000226578-uc003hwg.2-uc011ces.1, ENSP00000336580-uc004dap.2-uc004dao.2, ENSP00000467366-uc002lwq.2-uc002lwp.1	8.18073607702e-06	E
1	11.7021858225	120836	ENSP00000263734-uc002ruv.2-uc002ruw.2, ENSP00000336580-uc004dap.2-uc004dao.2, ENSP00000467366-uc002lwq.2-uc002lwp.1	8.27571014283e-06	E
2	11.6992781704	120485	ENSP00000404860-uc003fcu.1-uc003fcv.1, ENSP00000440926-uc003xfp.1-uc003xfq.1, ENSP00000465732-uc002nqj.2-uc002nqk.2	8.29980804596e-06	E
1	11.6992781704	120485	ENSP00000271663-uc001exi.2-uc010pcv.1, ENSP00000404860-uc003fcu.1-uc003fcv.1, ENSP00000440926-uc003xfp.1-uc003xfq.1	8.29980804596e-06	E
2	11.6992781704	120485	ENSP00000404860-uc003fcu.1-uc003fcv.1, ENSP00000427755-uc003akb.2-uc003ake.2, ENSP00000440926-uc003xfp.1-uc003xfq.1	8.29980804596e-06	E
1	11.6992781704	120485	ENSP00000184956-uc002iyk.1-uc010ddk.1, ENSP00000404860-uc003fcu.1-uc003fcv.1, ENSP00000440926-uc003xfp.1-uc003xfq.1	8.29980804596e-06	E
1	11.6953409654	120011	ENSP00000324944-uc003ncx.1-uc011dji.1, ENSP00000404860-uc003fcu.1-uc003fcv.1, ENSP00000440926-uc003xfp.1-uc003xfq.1	8.33255050651e-06	E
1	11.6311165832	112546	ENSP00000336580-uc004dap.2-uc004dao.2, ENSP00000341874-uc002kui.3-uc010xat.1, ENSP00000467366-uc002lwq.2-uc002lwp.1	8.88526222793e-06	E
1	11.6116607674	110377	ENSP00000262982-uc002xty.2-uc010ghy.2, ENSP00000404860-uc003fcu.1-uc003fcv.1, ENSP00000440926-uc003xfp.1-uc003xfq.1	9.05982487648e-06	E
3	11.6116607674	110377	ENSP00000404860-uc003fcu.1-uc003fcv.1, ENSP00000416799-uc002xuw.2-uc010zyn.1, ENSP00000440926-uc003xfp.1-uc003xfq.1	9.05982487648e-06	E
1	11.6002921399	109130	ENSP00000358767-uc001eal.1-uc001eak.1, ENSP00000368076-uc002fbm.1-uc010vml.1, ENSP00000404860-uc003fcu.1-uc003fcv.1	9.16341034733e-06	E
1	11.5633846803	105175	ENSP00000378086-uc001xip.2-uc001xis.2, ENSP00000404860-uc003fcu.1-uc003fcv.1, ENSP00000440926-uc003xfp.1-uc003xfq.1	9.50792705628e-06	E
1	11.5455085922	103312	ENSP00000358767-uc001eal.1-uc001eak.1, ENSP00000386722-uc009ytl.2-uc001oth.3, ENSP00000404860-uc003fcu.1-uc003fcv.1	9.67941984174e-06	E
1	11.5252424275	101239	ENSP00000194118-uc003llt.2-uc003llu.1, ENSP00000404860-uc003fcu.1-uc003fcv.1, ENSP00000440926-uc003xfp.1-uc003xfq.1	9.87758580808e-06	E
1	11.4941059431	98135.6	ENSP00000397570-uc001zoj.3-uc010bcl.2, ENSP00000404860-uc003fcu.1-uc003fcv.1, ENSP00000431688-uc001nnb.2-uc001nnc.2	1.01899772518e-05	E
1	11.4891446435	97650	ENSP00000320663-uc002rsi.2-uc010ynv.1, ENSP00000404860-uc003fcu.1-uc003fcv.1, ENSP00000440926-uc003xfp.1-uc003xfq.1	1.02406584007e-05	E
1	11.3708977863	86759.7	ENSP00000404860-uc003fcu.1-uc003fcv.1, ENSP00000431688-uc001nnb.2-uc001nnc.2, ENSP00000439856-uc002nei.1-uc010xpg.1	1.15260855076e-05	E
1	11.3375087302	83910.7	ENSP00000313391-uc003jlx.2-uc003jlw.2, ENSP00000336580-uc004dap.2-uc004dao.2, ENSP00000467366-uc002lwq.2-uc002lwp.1	1.19174275377e-05	E
2	11.3366836868	83841.5	ENSP00000160298-uc002mgv.3-uc002mgw.2, ENSP00000404860-uc003fcu.1-uc003fcv.1, ENSP00000440926-uc003xfp.1-uc003xfq.1	1.19272639902e-05	E
1	11.330889772	83357.2	ENSP00000404860-uc003fcu.1-uc003fcv.1, ENSP00000440926-uc003xfp.1-uc003xfq.1, ENSP00000443442-uc001ria.2-uc001rif.1	1.1996570124e-05	E
1	11.2972608305	80600.6	ENSP00000324419-uc001mfe.2-uc009yfi.2, ENSP00000404860-uc003fcu.1-uc003fcv.1, ENSP00000440926-uc003xfp.1-uc003xfq.1	1.24068622587e-05	E
1	11.2845638455	79583.6	ENSP00000336580-uc004dap.2-uc004dao.2, ENSP00000369419-uc003ujs.2-uc010lek.2, ENSP00000467366-uc002lwq.2-uc002lwp.1	1.25653963246e-05	E
1	11.2636595115	77937.3	ENSP00000260051-uc001ork.1-uc001orj.2, ENSP00000361565-uc004emy.1-uc004emz.2, ENSP00000404860-uc003fcu.1-uc003fcv.1	1.28308322808e-05	E
1	11.2187864774	74517.3	ENSP00000336580-uc004dap.2-uc004dao.2, ENSP00000436604-uc001tbd.2-uc001tbe.2, ENSP00000467366-uc002lwq.2-uc002lwp.1	1.34197040786e-05	E
1	11.1634875746	70508.4	ENSP00000252050-uc003ouk.2-uc003oun.2, ENSP00000358767-uc001eal.1-uc001eak.1, ENSP00000404860-uc003fcu.1-uc003fcv.1	1.41827010123e-05	E
1	11.1442405624	69164.3	ENSP00000404860-uc003fcu.1-uc003fcv.1, ENSP00000429474-uc003yvu.2-uc011ljp.1, ENSP00000440926-uc003xfp.1-uc003xfq.1	1.44583195402e-05	E
2	11.1246497243	67822.5	ENSP00000366036-uc010fiv.2-uc002tau.3, ENSP00000404860-uc003fcu.1-uc003fcv.1, ENSP00000440926-uc003xfp.1-uc003xfq.1	1.4744362903e-05	E
1	11.0988517669	66095.2	ENSP00000284878-uc002yki.2-uc002ykj.1, ENSP00000347999-uc002dbl.2-uc002dbi.2, ENSP00000440926-uc003xfp.1-uc003xfq.1	1.51296862568e-05	E
1	11.0988517669	66095.2	ENSP00000284878-uc002yki.2-uc002ykj.1, ENSP00000440926-uc003xfp.1-uc003xfq.1, ENSP00000465665-uc002jvw.2-uc010wtv.1	1.51296862568e-05	E
1	11.0949997918	65841.1	ENSP00000336580-uc004dap.2-uc004dao.2, ENSP00000409933-uc010jib.2-uc011ddb.1, ENSP00000467366-uc002lwq.2-uc002lwp.1	1.51880778202e-05	E
1	11.0880578569	65385.6	ENSP00000404860-uc003fcu.1-uc003fcv.1, ENSP00000440926-uc003xfp.1-uc003xfq.1, ENSP00000450052-uc011lvc.1-uc004azd.2	1.52938792766e-05	E
1	11.0566510975	63364	ENSP00000263116-uc002zwv.1-uc010gtw.1, ENSP00000361565-uc004emy.1-uc004emz.2, ENSP00000404860-uc003fcu.1-uc003fcv.1	1.57818328756e-05	E
1	11.0330759178	61887.6	ENSP00000406012-uc002cmb.2-uc002clz.2, ENSP00000411124-uc001yhq.2-uc001yhp.2, ENSP00000431688-uc001nnb.2-uc001nnc.2	1.61583127756e-05	E
5	11.0330759178	61887.6	ENSP00000411124-uc001yhq.2-uc001yhp.2, ENSP00000431688-uc001nnb.2-uc001nnc.2, ENSP00000439856-uc002nei.1-uc010xpg.1	1.61583127756e-05	E
1	11.0136233388	60695.4	ENSP00000284878-uc002yki.2-uc002ykj.1, ENSP00000380025-uc002vhp.1-uc010zjz.1, ENSP00000440926-uc003xfp.1-uc003xfq.1	1.64757107272e-05	E
1	10.927679228	55696.9	ENSP00000361565-uc004emy.1-uc004emz.2, ENSP00000404860-uc003fcu.1-uc003fcv.1, ENSP00000410083-uc001tdz.2-uc009ztb.1	1.79543303325e-05	E
1	10.8828692653	53256.2	ENSP00000363089-uc004bjz.2-uc004bkb.2, ENSP00000404860-uc003fcu.1-uc003fcv.1, ENSP00000440926-uc003xfp.1-uc003xfq.1	1.87771610329e-05	E
1	10.8620961886	52161.3	ENSP00000324573-uc002gsr.1-uc002gsq.1, ENSP00000404860-uc003fcu.1-uc003fcv.1, ENSP00000440926-uc003xfp.1-uc003xfq.1	1.91713000063e-05	E
1	10.8620961886	52161.3	ENSP00000404860-uc003fcu.1-uc003fcv.1, ENSP00000415057-uc010ukd.1-uc010bik.1, ENSP00000440926-uc003xfp.1-uc003xfq.1	1.91713000063e-05	E
1	10.7772124237	47916.4	ENSP00000336580-uc004dap.2-uc004dao.2, ENSP00000369373-uc001mbm.1-uc001mbl.1, ENSP00000467366-uc002lwq.2-uc002lwp.1	2.08696955749e-05	E
1	10.7772124237	47916.4	ENSP00000219473-uc002fii.2-uc010vof.1, ENSP00000336580-uc004dap.2-uc004dao.2, ENSP00000467366-uc002lwq.2-uc002lwp.1	2.08696955749e-05	E
1	10.7772124237	47916.4	ENSP00000336580-uc004dap.2-uc004dao.2, ENSP00000393776-uc003kcl.2-uc011csn.1, ENSP00000467366-uc002lwq.2-uc002lwp.1	2.08696955749e-05	E
1	10.7772124237	47916.4	ENSP00000336580-uc004dap.2-uc004dao.2, ENSP00000419446-uc003xmr.2-uc003xms.2, ENSP00000467366-uc002lwq.2-uc002lwp.1	2.08696955749e-05	E
3	10.7672408015	47440.9	ENSP00000336580-uc004dap.2-uc004dao.2, ENSP00000360151-uc001kmp.2-uc001kmo.2, ENSP00000467366-uc002lwq.2-uc002lwp.1	2.10788413236e-05	E
2	10.7664391793	47402.9	ENSP00000273261-uc003dmx.2-uc011bfu.1, ENSP00000284878-uc002yki.2-uc002ykj.1, ENSP00000440926-uc003xfp.1-uc003xfq.1	2.10957453642e-05	E
1	10.7581177106	47010.1	ENSP00000264705-uc002rji.2-uc010eyw.2, ENSP00000404860-uc003fcu.1-uc003fcv.1, ENSP00000431688-uc001nnb.2-uc001nnc.2	2.12720253865e-05	E
1	10.7369012201	46023.2	ENSP00000382289-uc002ysy.2-uc010gml.2, ENSP00000404860-uc003fcu.1-uc003fcv.1, ENSP00000440926-uc003xfp.1-uc003xfq.1	2.17281648403e-05	E
1	10.6558456689	42440	ENSP00000356042-uc003qru.3-uc011efr.1, ENSP00000404860-uc003fcu.1-uc003fcv.1, ENSP00000440926-uc003xfp.1-uc003xfq.1	2.35626984873e-05	E
1	10.6376364303	41674.2	ENSP00000310657-uc001jvk.2-uc010qks.1, ENSP00000336580-uc004dap.2-uc004dao.2, ENSP00000467366-uc002lwq.2-uc002lwp.1	2.39956875235e-05	E
1	10.6313961447	41414.9	ENSP00000320885-uc002roc.2-uc002rod.2, ENSP00000336580-uc004dap.2-uc004dao.2, ENSP00000467366-uc002lwq.2-uc002lwp.1	2.41458956489e-05	E
1	10.6238748354	41104.6	ENSP00000401362-uc001zjd.2-uc010uci.1, ENSP00000404860-uc003fcu.1-uc003fcv.1, ENSP00000440926-uc003xfp.1-uc003xfq.1	2.43281890815e-05	E
2	10.5222442823	37132.4	ENSP00000312618-uc003ela.3-uc003ele.2, ENSP00000336580-uc004dap.2-uc004dao.2, ENSP00000467366-uc002lwq.2-uc002lwp.1	2.69306831916e-05	E
1	10.5222442823	37132.4	ENSP00000336580-uc004dap.2-uc004dao.2, ENSP00000378086-uc001xip.2-uc001xis.2, ENSP00000467366-uc002lwq.2-uc002lwp.1	2.69306831916e-05	E
1	10.5120218267	36754.7	ENSP00000336580-uc004dap.2-uc004dao.2, ENSP00000360112-uc001dbs.1-uc010opb.1, ENSP00000467366-uc002lwq.2-uc002lwp.1	2.72073928204e-05	E
1	10.4060935194	33060.5	ENSP00000202831-uc001tvc.2-uc001tvb.2, ENSP00000358767-uc001eal.1-uc001eak.1, ENSP00000404860-uc003fcu.1-uc003fcv.1	3.02476059294e-05	E
1	10.3899422749	32530.8	ENSP00000250896-uc002lus.2-uc002luq.1, ENSP00000404860-uc003fcu.1-uc003fcv.1, ENSP00000440926-uc003xfp.1-uc003xfq.1	3.07401089719e-05	E
1	10.3363132934	30832.2	ENSP00000313391-uc003jlx.2-uc003jlw.2, ENSP00000404860-uc003fcu.1-uc003fcv.1, ENSP00000431688-uc001nnb.2-uc001nnc.2	3.24336759612e-05	E
1	10.2737660333	28962.8	ENSP00000238789-uc002rek.3-uc002rei.3, ENSP00000404860-uc003fcu.1-uc003fcv.1, ENSP00000440926-uc003xfp.1-uc003xfq.1	3.45271000604e-05	E
1	10.2414477655	28041.7	ENSP00000348564-uc001zql.2-uc001zqj.2, ENSP00000358767-uc001eal.1-uc001eak.1, ENSP00000404860-uc003fcu.1-uc003fcv.1	3.56611832182e-05	E
1	10.2290663088	27696.6	ENSP00000252699-uc002oja.1-uc002ojb.1, ENSP00000284878-uc002yki.2-uc002ykj.1, ENSP00000440926-uc003xfp.1-uc003xfq.1	3.61054653696e-05	E
1	10.1921204772	26692	ENSP00000358767-uc001eal.1-uc001eak.1, ENSP00000404179-uc003vfx.2-uc003vfv.2, ENSP00000404860-uc003fcu.1-uc003fcv.1	3.74643599879e-05	E
1	10.1823444164	26432.4	ENSP00000259154-uc001hks.2-uc009xdn.2, ENSP00000361565-uc004emy.1-uc004emz.2, ENSP00000404860-uc003fcu.1-uc003fcv.1	3.78324099587e-05	E
1	10.1661007872	26006.5	ENSP00000336580-uc004dap.2-uc004dao.2, ENSP00000383401-uc002kod.1-uc002kof.2, ENSP00000467366-uc002lwq.2-uc002lwp.1	3.84519638777e-05	E
1	10.1129288913	24659.8	ENSP00000330470-uc003akk.2-uc003aki.2, ENSP00000404860-uc003fcu.1-uc003fcv.1, ENSP00000440926-uc003xfp.1-uc003xfq.1	4.0551860726e-05	E
1	10.0162123416	22386.5	ENSP00000296529-uc003ipx.2-uc010iqi.2, ENSP00000358767-uc001eal.1-uc001eak.1, ENSP00000404860-uc003fcu.1-uc003fcv.1	4.46698249384e-05	E
1	9.9837460732	21671.3	ENSP00000284049-uc003knf.2-uc010jbn.2, ENSP00000336580-uc004dap.2-uc004dao.2, ENSP00000467366-uc002lwq.2-uc002lwp.1	4.61438866291e-05	E
1	9.96633105672	21297.2	ENSP00000358918-uc001kvy.1-uc009xxe.1, ENSP00000404860-uc003fcu.1-uc003fcv.1, ENSP00000440926-uc003xfp.1-uc003xfq.1	4.69545212956e-05	E
1	9.90541994959	20038.7	ENSP00000341874-uc002kui.3-uc010xat.1, ENSP00000404860-uc003fcu.1-uc003fcv.1, ENSP00000440926-uc003xfp.1-uc003xfq.1	4.99034734413e-05	E
1	9.90257652424	19981.8	ENSP00000336580-uc004dap.2-uc004dao.2, ENSP00000415057-uc010ukd.1-uc010bik.1, ENSP00000467366-uc002lwq.2-uc002lwp.1	5.00455721704e-05	E
1	9.8774258197	19485.5	ENSP00000252015-uc002xbk.2-uc002xbj.2, ENSP00000336580-uc004dap.2-uc004dao.2, ENSP00000393762-uc003psu.2-uc003pst.3	5.13202154684e-05	E
1	9.87156826862	19371.7	ENSP00000264350-uc003hrt.2-uc011cdm.1, ENSP00000336580-uc004dap.2-uc004dao.2, ENSP00000467366-uc002lwq.2-uc002lwp.1	5.16217083949e-05	E
1	9.70882483843	16462.2	ENSP00000358831-uc003pja.3-uc011dyt.1, ENSP00000404860-uc003fcu.1-uc003fcv.1, ENSP00000440926-uc003xfp.1-uc003xfq.1	6.07450574181e-05	E
1	9.68614499205	16093.1	ENSP00000160298-uc002mgv.3-uc002mgw.2, ENSP00000336580-uc004dap.2-uc004dao.2, ENSP00000467366-uc002lwq.2-uc002lwp.1	6.21384876521e-05	E
1	9.67919020121	15981.5	ENSP00000346643-uc001jpf.3-uc009xqb.2, ENSP00000358767-uc001eal.1-uc001eak.1, ENSP00000404860-uc003fcu.1-uc003fcv.1	6.25721541183e-05	E
1	9.65716288862	15633.4	ENSP00000358767-uc001eal.1-uc001eak.1, ENSP00000404860-uc003fcu.1-uc003fcv.1, ENSP00000463016-uc001etg.2-uc009wlk.2	6.39657426746e-05	E
1	9.65716288862	15633.4	ENSP00000345739-uc002mng.2-uc002mnf.2, ENSP00000358767-uc001eal.1-uc001eak.1, ENSP00000404860-uc003fcu.1-uc003fcv.1	6.39657426746e-05	E
1	9.59675482132	14716.9	ENSP00000237364-uc003gsg.3-uc010iey.2, ENSP00000336580-uc004dap.2-uc004dao.2, ENSP00000467366-uc002lwq.2-uc002lwp.1	6.79488853607e-05	E
1	9.5785719076	14451.8	ENSP00000320663-uc002rsi.2-uc010ynv.1, ENSP00000336580-uc004dap.2-uc004dao.2, ENSP00000467366-uc002lwq.2-uc002lwp.1	6.91956950456e-05	E
1	9.56587383	14269.4	ENSP00000252050-uc003ouk.2-uc003oun.2, ENSP00000336580-uc004dap.2-uc004dao.2, ENSP00000467366-uc002lwq.2-uc002lwp.1	7.00799496361e-05	E
1	9.53631843093	13853.8	ENSP00000297990-uc003zsz.2-uc003zsy.2, ENSP00000404860-uc003fcu.1-uc003fcv.1, ENSP00000440926-uc003xfp.1-uc003xfq.1	7.21821024767e-05	E
1	9.52923407728	13756.1	ENSP00000345810-uc002wze.1-uc002wzj.1, ENSP00000404860-uc003fcu.1-uc003fcv.1, ENSP00000431688-uc001nnb.2-uc001nnc.2	7.26952816425e-05	E
1	9.49957050487	13354	ENSP00000270570-uc002gvy.1-uc010cqp.1, ENSP00000361565-uc004emy.1-uc004emz.2, ENSP00000404860-uc003fcu.1-uc003fcv.1	7.48839852891e-05	E
2	9.49844853334	13339	ENSP00000336580-uc004dap.2-uc004dao.2, ENSP00000360268-uc001kkz.2-uc010qoh.1, ENSP00000467366-uc002lwq.2-uc002lwp.1	7.49680501388e-05	E
1	9.37477608078	11787.3	ENSP00000309487-uc003dys.1-uc003dyt.1, ENSP00000404860-uc003fcu.1-uc003fcv.1, ENSP00000440926-uc003xfp.1-uc003xfq.1	8.48372298065e-05	E
1	9.37477608078	11787.3	ENSP00000404860-uc003fcu.1-uc003fcv.1, ENSP00000440926-uc003xfp.1-uc003xfq.1, ENSP00000473631-uc001vmq.2-uc001vmr.2	8.48372298065e-05	E
1	9.2328603507	10227.8	ENSP00000284878-uc002yki.2-uc002ykj.1, ENSP00000364218-uc004aym.2-uc004ayk.2, ENSP00000440926-uc003xfp.1-uc003xfq.1	9.7773170317e-05	E
1	9.2328603507	10227.8	ENSP00000284878-uc002yki.2-uc002ykj.1, ENSP00000299927-uc002bld.2-uc010upb.1, ENSP00000440926-uc003xfp.1-uc003xfq.1	9.7773170317e-05	E
1	9.19258973797	9824.06	ENSP00000361565-uc004emy.1-uc004emz.2, ENSP00000393762-uc003psu.2-uc003pst.3, ENSP00000404860-uc003fcu.1-uc003fcv.1	0.000101790911282	E
1	9.10501761188	9000.34	ENSP00000404860-uc003fcu.1-uc003fcv.1, ENSP00000410083-uc001tdz.2-uc009ztb.1, ENSP00000431688-uc001nnb.2-uc001nnc.2	0.000111106916128	E
1	9.08011294229	8778.96	ENSP00000330374-uc003whn.2-uc003whm.2, ENSP00000358767-uc001eal.1-uc001eak.1, ENSP00000404860-uc003fcu.1-uc003fcv.1	0.000113908741616	E
1	9.06488077119	8646.25	ENSP00000336580-uc004dap.2-uc004dao.2, ENSP00000376702-uc002jat.2-uc010wpf.1, ENSP00000467366-uc002lwq.2-uc002lwp.1	0.000115657100908	E
1	9.03751998646	8412.89	ENSP00000245441-uc001wyi.2-uc001wyj.2, ENSP00000404860-uc003fcu.1-uc003fcv.1, ENSP00000431688-uc001nnb.2-uc001nnc.2	0.000118865258669	E
1	9.00112396643	8112.2	ENSP00000275034-uc003pir.2-uc003pio.3, ENSP00000336580-uc004dap.2-uc004dao.2, ENSP00000467366-uc002lwq.2-uc002lwp.1	0.000123271173532	E
2	8.95738377623	7765.02	ENSP00000336580-uc004dap.2-uc004dao.2, ENSP00000341903-uc002usq.2-uc002usu.2, ENSP00000393762-uc003psu.2-uc003pst.3	0.000128782737843	E
1	8.58646612235	5358.64	ENSP00000275034-uc003pir.2-uc003pio.3, ENSP00000358767-uc001eal.1-uc001eak.1, ENSP00000404860-uc003fcu.1-uc003fcv.1	0.000186614396224	E
1	8.35426611137	4248.27	ENSP00000252699-uc002oja.1-uc002ojb.1, ENSP00000358767-uc001eal.1-uc001eak.1, ENSP00000404860-uc003fcu.1-uc003fcv.1	0.000235390172672	E
1	8.30722594436	4053.05	ENSP00000358767-uc001eal.1-uc001eak.1, ENSP00000404860-uc003fcu.1-uc003fcv.1, ENSP00000415057-uc010ukd.1-uc010bik.1	0.000246727530806	E
1	8.28495135285	3963.77	ENSP00000361565-uc004emy.1-uc004emz.2, ENSP00000369419-uc003ujs.2-uc010lek.2, ENSP00000404860-uc003fcu.1-uc003fcv.1	0.000252284950618	E
1	8.25049627671	3829.53	ENSP00000284878-uc002yki.2-uc002ykj.1, ENSP00000376702-uc002jat.2-uc010wpf.1, ENSP00000440926-uc003xfp.1-uc003xfq.1	0.000261128932932	E
1	8.25049627671	3829.53	ENSP00000284878-uc002yki.2-uc002ykj.1, ENSP00000387006-uc002unp.2-uc002uno.2, ENSP00000440926-uc003xfp.1-uc003xfq.1	0.000261128932932	E
1	8.15688809936	3487.32	ENSP00000336580-uc004dap.2-uc004dao.2, ENSP00000364493-uc004aur.2-uc011luh.1, ENSP00000467366-uc002lwq.2-uc002lwp.1	0.00028675335574	E
1	8.02865014158	3067.6	ENSP00000336580-uc004dap.2-uc004dao.2, ENSP00000373420-uc001job.2-uc001joa.2, ENSP00000393762-uc003psu.2-uc003pst.3	0.000325987949639	E
1	7.96034377354	2865.06	ENSP00000284878-uc002yki.2-uc002ykj.1, ENSP00000363283-uc001bmr.1-uc010ofe.1, ENSP00000440926-uc003xfp.1-uc003xfq.1	0.000349033108487	E
1	7.90668300326	2715.37	ENSP00000287169-uc001nkx.1-uc001nky.1, ENSP00000336580-uc004dap.2-uc004dao.2, ENSP00000467366-uc002lwq.2-uc002lwp.1	0.000368274120932	E
1	7.82070889392	2491.67	ENSP00000225573-uc002imo.2-uc010wla.1, ENSP00000336580-uc004dap.2-uc004dao.2, ENSP00000467366-uc002lwq.2-uc002lwp.1	0.000401337076525	E
2	7.80833781187	2461.04	ENSP00000368440-uc004dbj.2-uc004dbi.2, ENSP00000413507-uc011kav.1-uc003tey.2, ENSP00000431688-uc001nnb.2-uc001nnc.2	0.000406332888512	E
2	7.74408669103	2307.88	ENSP00000294785-uc001fvx.2-uc010pjg.1, ENSP00000423470-uc003lhh.1-uc003lhi.2, ENSP00000431688-uc001nnb.2-uc001nnc.2	0.000433297200107	E
1	7.67988162272	2164.36	ENSP00000334800-uc003url.1-uc010lgf.1, ENSP00000404860-uc003fcu.1-uc003fcv.1, ENSP00000440926-uc003xfp.1-uc003xfq.1	0.00046202958935	E
1	7.67772083784	2159.69	ENSP00000343617-uc002qqw.2-uc010yhp.1, ENSP00000386529, ENSP00000466508-uc002hhf.1-uc010csx.1	0.000463029015286	E
3	7.51723693915	1839.48	ENSP00000336580-uc004dap.2-uc004dao.2, ENSP00000373420-uc001job.2-uc001joa.2, ENSP00000473631-uc001vmq.2-uc001vmr.2	0.00054363258248	E
1	7.14839793477	1272.07	ENSP00000298317-uc001qde.2-uc010sbl.1, ENSP00000361565-uc004emy.1-uc004emz.2, ENSP00000404860-uc003fcu.1-uc003fcv.1	0.000786122492524	E
1	7.09742691078	1208.85	ENSP00000369871-uc003znk.2-uc011lmz.1, ENSP00000386529, ENSP00000466508-uc002hhf.1-uc010csx.1	0.00082723072562	E
1	6.99001370254	1085.74	ENSP00000350331-uc001iig.2-uc001iii.2, ENSP00000433416-uc003lhk.1-uc003lhl.2, ENSP00000467366-uc002lwq.2-uc002lwp.1	0.000921033911077	E
1	6.94055896289	1033.35	ENSP00000314420-uc002gkd.2-uc010cns.2, ENSP00000358767-uc001eal.1-uc001eak.1, ENSP00000431688-uc001nnb.2-uc001nnc.2	0.000967728521626	E
1	6.80654476055	903.743	ENSP00000251101-uc002kku.3-uc002kkw.3, ENSP00000255283-uc010tdi.1-uc010tdj.1, ENSP00000348630-uc003qws.1-uc011egu.1	0.00110650955791	E
1	6.75639404378	859.537	ENSP00000314638-uc003kns.2-uc003knz.2, ENSP00000336580-uc004dap.2-uc004dao.2, ENSP00000393762-uc003psu.2-uc003pst.3	0.00116341684931	E
1	6.73860348041	844.381	ENSP00000225573-uc002imo.2-uc010wla.1, ENSP00000336580-uc004dap.2-uc004dao.2, ENSP00000427755-uc003akb.2-uc003ake.2	0.00118429990031	E
1	6.72770164439	835.225	ENSP00000256689-uc001rpg.2-uc010sli.1, ENSP00000401519-uc009yrp.2-uc001olc.3, ENSP00000404860-uc003fcu.1-uc003fcv.1	0.00119728157711	E
1	6.64854106187	771.658	ENSP00000330470-uc003akk.2-uc003aki.2, ENSP00000336580-uc004dap.2-uc004dao.2, ENSP00000433416-uc003lhk.1-uc003lhl.2	0.00129591138149	E
1	6.63368886744	760.282	ENSP00000336580-uc004dap.2-uc004dao.2, ENSP00000366036-uc010fiv.2-uc002tau.3, ENSP00000393762-uc003psu.2-uc003pst.3	0.00131530215058	E
1	6.62309887256	752.273	ENSP00000368440-uc004dbj.2-uc004dbi.2, ENSP00000431688-uc001nnb.2-uc001nnc.2, ENSP00000439856-uc002nei.1-uc010xpg.1	0.00132930520891	E
2	6.49498800307	661.816	ENSP00000255283-uc010tdi.1-uc010tdj.1, ENSP00000377249-uc010ssn.1-uc001srg.2, ENSP00000433416-uc003lhk.1-uc003lhl.2	0.00151099334047	E
1	6.42096180048	614.594	ENSP00000262144-uc002fdh.1-uc002fdf.1, ENSP00000378307, ENSP00000466508-uc002hhf.1-uc010csx.1	0.0016270905455	E
1	6.34173739915	567.782	ENSP00000299275-uc001reb.2-uc009zio.2, ENSP00000433416-uc003lhk.1-uc003lhl.2, ENSP00000467366-uc002lwq.2-uc002lwp.1	0.00176123960091	E
1	6.31027613744	550.197	ENSP00000296529-uc003ipx.2-uc010iqi.2, ENSP00000336580-uc004dap.2-uc004dao.2, ENSP00000393762-uc003psu.2-uc003pst.3	0.00181753128147	E
1	6.23184249323	508.692	ENSP00000336580-uc004dap.2-uc004dao.2, ENSP00000347084-uc002wum.2-uc010gdk.1, ENSP00000369871-uc003znk.2-uc011lmz.1	0.00196582653573	E
1	6.21789784451	501.648	ENSP00000369820-uc004cwr.2-uc010neu.2, ENSP00000373684-uc001rhr.2-uc001rhs.2, ENSP00000404860-uc003fcu.1-uc003fcv.1	0.00199343131839	E
1	6.20595090348	495.69	ENSP00000330470-uc003akk.2-uc003aki.2, ENSP00000336580-uc004dap.2-uc004dao.2, ENSP00000354558	0.00201738955365	E
1	6.09485040355	443.568	ENSP00000252699-uc002oja.1-uc002ojb.1, ENSP00000368440-uc004dbj.2-uc004dbi.2, ENSP00000431688-uc001nnb.2-uc001nnc.2	0.00225444737282	E
1	5.99901626959	403.032	ENSP00000252015-uc002xbk.2-uc002xbj.2, ENSP00000336580-uc004dap.2-uc004dao.2, ENSP00000420793-uc002scl.2-uc010ypx.1	0.00248119180032	E
1	5.88314647475	358.937	ENSP00000242257-uc003slm.2-uc003slo.2, ENSP00000433416-uc003lhk.1-uc003lhl.2, ENSP00000467366-uc002lwq.2-uc002lwp.1	0.00278600537385	E
1	5.80116390384	330.684	ENSP00000262102-uc003wxv.2-uc003wxs.2, ENSP00000333799-uc003ubr.2-uc010lca.2, ENSP00000431688-uc001nnb.2-uc001nnc.2	0.00302403301265	E
1	5.70700647829	300.969	ENSP00000336580-uc004dap.2-uc004dao.2, ENSP00000376702-uc002jat.2-uc010wpf.1, ENSP00000473631-uc001vmq.2-uc001vmr.2	0.00332260395962	E
1	5.65145192682	284.705	ENSP00000296302, ENSP00000329748-uc001rls.1-uc001rlr.1, ENSP00000423470-uc003lhh.1-uc003lhi.2	0.00351241330379	E
1	5.59436312875	268.906	ENSP00000363283-uc001bmr.1-uc010ofe.1, ENSP00000386593, ENSP00000466508-uc002hhf.1-uc010csx.1	0.00371876695725	E
1	5.58258299701	265.757	ENSP00000238789-uc002rek.3-uc002rei.3, ENSP00000368440-uc004dbj.2-uc004dbi.2, ENSP00000431688-uc001nnb.2-uc001nnc.2	0.00376283356756	E
1	5.5468068891	256.417	ENSP00000320688-uc003etr.2-uc011bmz.1, ENSP00000336580-uc004dap.2-uc004dao.2, ENSP00000361914-uc001ceb.1-uc009vvu.1	0.00389989016484	E
1	5.48823518279	241.83	ENSP00000358767-uc001eal.1-uc001eak.1, ENSP00000380025-uc002vhp.1-uc010zjz.1, ENSP00000431688-uc001nnb.2-uc001nnc.2	0.00413513549674	E
1	5.4838326812	240.768	ENSP00000321498-uc003vvo.2-uc003vvn.2, ENSP00000466508-uc002hhf.1-uc010csx.1, ENSP00000467366-uc002lwq.2-uc002lwp.1	0.00415338056985	E
1	5.43325239739	228.892	ENSP00000386643, ENSP00000417980-uc011mfc.1-uc004coe.2, ENSP00000467366-uc002lwq.2-uc002lwp.1	0.00436886339058	E
1	5.07939983986	160.678	ENSP00000202831-uc001tvc.2-uc001tvb.2, ENSP00000404860-uc003fcu.1-uc003fcv.1, ENSP00000411124-uc001yhq.2-uc001yhp.2	0.00622364307779	E
1	4.89959513174	134.235	ENSP00000257700-uc003vda.1-uc010ljj.1, ENSP00000284878-uc002yki.2-uc002ykj.1, ENSP00000466508-uc002hhf.1-uc010csx.1	0.00744959856643	E
1	4.83236397658	125.507	ENSP00000354558, ENSP00000417706-uc001vtr.1-uc010agw.1, ENSP00000466508-uc002hhf.1-uc010csx.1	0.00796766361506	E
1	4.81446968328	123.281	ENSP00000307567-uc003cvx.2-uc011bcc.1, ENSP00000364550, ENSP00000431688-uc001nnb.2-uc001nnc.2	0.00811152261355	E
1	4.77022249698	117.945	ENSP00000202556-uc001yof.1-uc010awv.1, ENSP00000358767-uc001eal.1-uc001eak.1, ENSP00000417132	0.00847849351085	E
1	4.61962096419	101.456	ENSP00000242209-uc003tdh.2-uc011kam.1, ENSP00000338302, ENSP00000358767-uc001eal.1-uc001eak.1	0.00985653133157	E
1	4.60586934803	100.07	ENSP00000284878-uc002yki.2-uc002ykj.1, ENSP00000324573-uc002gsr.1-uc002gsq.1, ENSP00000354558	0.00999301082314	E
1	4.2585151849	70.7049	ENSP00000358831-uc003pja.3-uc011dyt.1, ENSP00000368440-uc004dbj.2-uc004dbi.2, ENSP00000431688-uc001nnb.2-uc001nnc.2	0.0141432869934	E
1	4.13943921044	62.7676	ENSP00000401519-uc009yrp.2-uc001olc.3, ENSP00000404602-uc003soy.1-uc011jwj.1, ENSP00000431688-uc001nnb.2-uc001nnc.2	0.0159317833777	E
1	3.87410491045	48.1396	ENSP00000251101-uc002kku.3-uc002kkw.3, ENSP00000358831-uc003pja.3-uc011dyt.1, ENSP00000423470-uc003lhh.1-uc003lhi.2	0.0207729231812	E
1	3.76121455512	43.0006	ENSP00000263734-uc002ruv.2-uc002ruw.2, ENSP00000386601, ENSP00000466508-uc002hhf.1-uc010csx.1	0.0232554781554	E
1	3.2388445919	25.5042	ENSP00000336580-uc004dap.2-uc004dao.2, ENSP00000362285-uc001jrr.3-uc001jru.3, ENSP00000362298-uc001jrm.2-uc009xqk.2	0.039209171532	E
1	3.23703714746	25.4582	ENSP00000318883-uc002zmw.2-uc002zna.2, ENSP00000386593, ENSP00000467366-uc002lwq.2-uc002lwp.1	0.0392801040152	E
1	3.16257413713	23.6313	ENSP00000269097-uc002iex.2-uc002ifc.2, ENSP00000305613-uc003gbi.2-uc003gbj.2, ENSP00000401519-uc009yrp.2-uc001olc.3	0.0423166718447	E
1	3.00538375572	20.194	ENSP00000255283-uc010tdi.1-uc010tdj.1, ENSP00000338302, ENSP00000340557-uc003thi.3-uc003thk.2	0.0495197471955	E
1	2.75315608538	15.6921	ENSP00000369871-uc003znk.2-uc011lmz.1, ENSP00000386821-uc003lie.1-uc003lif.2, ENSP00000440926-uc003xfp.1-uc003xfq.1	0.0637264174729	E
1	2.52971429244	12.5499	ENSP00000251101-uc002kku.3-uc002kkw.3, ENSP00000361565-uc004emy.1-uc004emz.2, ENSP00000415436-uc001rrx.2-uc001rru.2	0.0796817827215	E
1	2.27828286724	9.75991	ENSP00000246505-uc010tjw.1-uc001vtf.2, ENSP00000336580-uc004dap.2-uc004dao.2, ENSP00000350331-uc001iig.2-uc001iii.2	0.102459993159	E
1	2.23165790195	9.3153	ENSP00000296181-uc003eho.2-uc010hrx.2, ENSP00000347084-uc002wum.2-uc010gdk.1, ENSP00000388560-uc001zgz.2-uc001zha.2	0.107350306238	E
1	2.22469239061	9.25064	ENSP00000255283-uc010tdi.1-uc010tdj.1, ENSP00000264350-uc003hrt.2-uc011cdm.1, ENSP00000356906-uc001gbz.1-uc001gca.1	0.108100666301	E
1	2.02623340036	7.58546	ENSP00000327154-uc003owr.2-uc003ows.2, ENSP00000386529, ENSP00000417132	0.131831142293	E
1	1.75330749585	5.77367	ENSP00000345739-uc002mng.2-uc002mnf.2, ENSP00000360112-uc001dbs.1-uc010opb.1, ENSP00000404860-uc003fcu.1-uc003fcv.1	0.173200136309	E
1	1.31034599393	3.70746	ENSP00000309487-uc003dys.1-uc003dyt.1, ENSP00000369871-uc003znk.2-uc011lmz.1, ENSP00000431688-uc001nnb.2-uc001nnc.2	0.269726716432	E
1	0.900914137212	2.46185	ENSP00000265134-uc004biy.3-uc004bix.2, ENSP00000284878-uc002yki.2-uc002ykj.1, ENSP00000378302-uc001rzt.2-uc009zmc.2	0.406198169108	E
1	0.674814028474	1.96367	ENSP00000349213, ENSP00000448012-uc001tar.2-uc001taq.2, ENSP00000463733-uc002ixf.1-uc002ixg.1	0.509251118009	E
1	0.641538219174	1.8994	ENSP00000309487-uc003dys.1-uc003dyt.1, ENSP00000380025-uc002vhp.1-uc010zjz.1, ENSP00000385394	0.526481956224	E
1	0.55197374002	1.73668	ENSP00000336580-uc004dap.2-uc004dao.2, ENSP00000404854-uc003yug.2-uc003yue.1, ENSP00000439856-uc002nei.1-uc010xpg.1	0.575812184508	E
1	0.544579877862	1.72388	ENSP00000305613-uc003gbi.2-uc003gbj.2, ENSP00000364218-uc004aym.2-uc004ayk.2, ENSP00000393762-uc003psu.2-uc003pst.3	0.580085438888	E
1	0.412340447624	1.51035	ENSP00000336580-uc004dap.2-uc004dao.2, ENSP00000386593, ENSP00000440926-uc003xfp.1-uc003xfq.1	0.662098827705	E
1	0.367117999205	1.44357	ENSP00000254722-uc002ftl.2-uc010cjw.2, ENSP00000261507-uc003ire.2-uc003irf.2, ENSP00000402656-uc001gti.3-uc009wyx.2	0.69272789888	E
1	0.332047743862	1.39382	ENSP00000345308-uc009wot.2-uc001fer.2, ENSP00000364101-uc004duh.1-uc004dui.3, ENSP00000386643	0.717453068057	E
1	0.330343020985	1.39145	ENSP00000258733-uc003swb.2-uc011jyz.1, ENSP00000296302, ENSP00000312618-uc003ela.3-uc003ele.2	0.718677169796	E
1	0.278003224919	1.32049	ENSP00000251101-uc002kku.3-uc002kkw.3, ENSP00000358918-uc001kvy.1-uc009xxe.1, ENSP00000379368-uc003cnq.2-uc003cnr.2	0.757294379298	E
1	0.267435261773	1.30661	ENSP00000368440-uc004dbj.2-uc004dbi.2, ENSP00000386601, ENSP00000392066-uc002zjo.2-uc002zjt.2	0.765339875766	E
1	0.204815081023	1.2273	ENSP00000242209-uc003tdh.2-uc011kam.1, ENSP00000255283-uc010tdi.1-uc010tdj.1, ENSP00000358831-uc003pja.3-uc011dyt.1	0.814797974089	E
1	0.170195192056	1.18554	ENSP00000247178-uc001xbx.1-uc001xbw.1, ENSP00000260051-uc001ork.1-uc001orj.2, ENSP00000401519-uc009yrp.2-uc001olc.3	0.843500155997	E
1	0.147698411379	1.15916	ENSP00000358719-uc003pjy.2-uc011dzc.1, ENSP00000385939-uc003sqt.1-uc011jxa.1, ENSP00000466508-uc002hhf.1-uc010csx.1	0.862691253578	E
1	0.133192522343	1.14247	ENSP00000216264-uc003bia.2-uc010hae.2, ENSP00000298317-uc001qde.2-uc010sbl.1, ENSP00000349213	0.875296561741	E
1	0.0680638724711	1.07043	ENSP00000388560-uc001zgz.2-uc001zha.2, ENSP00000393762-uc003psu.2-uc003pst.3, ENSP00000427755-uc003akb.2-uc003ake.2	0.934200801958	E
1	0.030281982855	1.03075	ENSP00000349213, ENSP00000369419-uc003ujs.2-uc010lek.2, ENSP00000401133-uc010ujs.1-uc010ujt.1	0.970171923125	E
1	0.0179138708252	1.01808	ENSP00000225573-uc002imo.2-uc010wla.1, ENSP00000325269-uc003vfc.2-uc011kmj.1, ENSP00000361914-uc001ceb.1-uc009vvu.1	0.982245628721	E
1	0.0109480953368	1.01101	ENSP00000261593-uc002kxg.2-uc002kxh.2, ENSP00000386969-uc002vnv.2-uc010zlr.1, ENSP00000388560-uc001zgz.2-uc001zha.2	0.989111616948	E
1	0.00482926764633	1.00484	ENSP00000334800-uc003url.1-uc010lgf.1, ENSP00000346349-uc003cgt.3-uc003cgs.3, ENSP00000361245-uc009vxk.2-uc001cmx.3	0.995182374518	E
1	0.00426397315596	1.00427	ENSP00000352645-uc003tvn.2-uc011kef.1, ENSP00000378086-uc001xip.2-uc001xis.2, ENSP00000386601	0.99574510467	E
1	0.00278266718912	1.00279	ENSP00000296302, ENSP00000362656-uc004bpc.2-uc010mws.2, ENSP00000415436-uc001rrx.2-uc001rru.2	0.997221200841	E
1	0.00182697302754	1.00183	ENSP00000312618-uc003ela.3-uc003ele.2, ENSP00000386601, ENSP00000393776-uc003kcl.2-uc011csn.1	0.998174694872	E
1	0.00125418640902	1.00125	ENSP00000300658-uc002hsj.2-uc010cvy.2, ENSP00000305613-uc003gbi.2-uc003gbj.2, ENSP00000310657-uc001jvk.2-uc010qks.1	0.998746599754	E
1	0.000999113325897	1.001	ENSP00000313953-uc002rom.2-uc002ron.2, ENSP00000375936-uc002vkw.1-uc002vky.2, ENSP00000386601	0.999001385622	E
1	0.000768956456804	1.00077	ENSP00000164139-uc001oax.3-uc001oay.3, ENSP00000368076-uc002fbm.1-uc010vml.1, ENSP00000440926-uc003xfp.1-uc003xfq.1	0.999231339114	E
1	0.000630350678353	1.00063	ENSP00000254722-uc002ftl.2-uc010cjw.2, ENSP00000364101-uc004duh.1-uc004dui.3, ENSP00000445725-uc003xpm.2-uc010lxp.2	0.999369847951	E
1	0.000399178109019	1.0004	ENSP00000261413-uc003kbz.3-uc011csd.1, ENSP00000363089-uc004bjz.2-uc004bkb.2, ENSP00000384117-uc002ety.2-uc002etx.1	0.999600901552	E
1	0.000243806539256	1.00024	ENSP00000287169-uc001nkx.1-uc001nky.1, ENSP00000347084-uc002wum.2-uc010gdk.1, ENSP00000403783-uc002sbz.2-uc002scb.2	0.999756223179	E
1	0.000227035309178	1.00023	ENSP00000263734-uc002ruv.2-uc002ruw.2, ENSP00000265134-uc004biy.3-uc004bix.2, ENSP00000271915-uc001ffp.2-uc001ffo.2	0.999772990461	E
1	0.000171633768632	1.00017	ENSP00000256861-uc001ijq.2-uc001ijp.2, ENSP00000347444-uc004axj.2-uc011luy.1, ENSP00000433416-uc003lhk.1-uc003lhl.2	0.99982838096	E
1	0.000141633807214	1.00014	ENSP00000298317-uc001qde.2-uc010sbl.1, ENSP00000359050-uc009xwy.1-uc009xwx.1, ENSP00000411124-uc001yhq.2-uc001yhp.2	0.999858376222	E
1	1.81452136756e-05	1.00002	ENSP00000299275-uc001reb.2-uc009zio.2, ENSP00000326804-uc003wey.2-uc003wez.2, ENSP00000463733-uc002ixf.1-uc002ixg.1	0.999981854951	E
1	1.60839956374e-05	1.00002	ENSP00000265134-uc004biy.3-uc004bix.2, ENSP00000297423-uc003xqd.2-uc011ldf.1, ENSP00000316651-uc003jtc.2-uc003jte.2	0.999983916134	E
1	1.30060775927e-05	1.00001	ENSP00000354966-uc002xuv.1-uc010gid.2, ENSP00000359958-uc001dft.2-uc001dfs.2, ENSP00000376127-uc002nmk.3-uc010ecd.2	0.999986994007	E
1	1.30060775925e-05	1.00001	ENSP00000245796-uc002tjc.2-uc002tjh.2, ENSP00000361097-uc001kea.2-uc010qmn.1, ENSP00000418823-uc002ehr.2-uc002ehs.2	0.999986994007	E
1	1.06597697427e-05	1.00001	ENSP00000255304-uc001utc.2-uc001ute.1, ENSP00000343206-uc004did.2-uc004die.2, ENSP00000343617-uc002qqw.2-uc010yhp.1	0.999989340287	E
1	4.08442182567e-06	1	ENSP00000251772-uc003ejg.2-uc003ejh.2, ENSP00000374183-uc004cgr.3-uc010nbg.2, ENSP00000386821-uc003lie.1-uc003lif.2	0.999995915587	E
1	3.35904372593e-06	1	ENSP00000265134-uc004biy.3-uc004bix.2, ENSP00000360666-uc011mem.1-uc004ckm.1, ENSP00000459424-uc003udy.2-uc003uea.2	0.999996640962	E
1	2.63045188471e-06	1	ENSP00000308893-uc002wah.1-uc002waj.1, ENSP00000371531-uc003zhl.1-uc003zhn.1, ENSP00000417132	0.999997369552	E
1	8.08961040181e-07	1	ENSP00000270570-uc002gvy.1-uc010cqp.1, ENSP00000280097-uc002tvf.2-uc002tvd.2, ENSP00000330374-uc003whn.2-uc003whm.2	0.999999191039	E
1	2.62440755592e-07	1	ENSP00000291358-uc001bum.2-uc010ogz.1, ENSP00000348564-uc001zql.2-uc001zqj.2, ENSP00000375936-uc002vkw.1-uc002vky.2	0.999999737559	E
1	1.39743697053e-07	1	ENSP00000267859-uc010uhc.1-uc002agi.3, ENSP00000361565-uc004emy.1-uc004emz.2, ENSP00000377954-uc003lnx.1-uc011dbq.1	0.999999860256	E
1	1.39283579045e-07	1	ENSP00000352497-uc001fnp.2-uc010phe.1, ENSP00000440797-uc001xzg.2-uc001xzh.2, ENSP00000446100-uc002fgp.2-uc002fgr.1	0.999999860716	E
1	6.3511372624e-08	1	ENSP00000307272-uc002jyt.1-uc002jyu.1, ENSP00000377415-uc002hzq.2-uc002hzu.2, ENSP00000423470-uc003lhh.1-uc003lhi.2	0.999999936489	E
1	3.44124752397e-08	1	ENSP00000225573-uc002imo.2-uc010wla.1, ENSP00000354957-uc004ahr.2-uc011lry.1, ENSP00000393762-uc003psu.2-uc003pst.3	0.999999965588	E
1	1.3943333363e-08	1	ENSP00000263116-uc002zwv.1-uc010gtw.1, ENSP00000348630-uc003qws.1-uc011egu.1, ENSP00000440797-uc001xzg.2-uc001xzh.2	0.999999986057	E
1	1.03275530883e-08	1	ENSP00000075322-uc003yot.1-uc011lic.1, ENSP00000310657-uc001jvk.2-uc010qks.1, ENSP00000384117-uc002ety.2-uc002etx.1	0.999999989672	E
1	6.89783188504e-09	1	ENSP00000260051-uc001ork.1-uc001orj.2, ENSP00000344214-uc001vna.2-uc010tij.1, ENSP00000454157-uc002tvu.2-uc010fnp.2	0.999999993102	E
1	9.9068220343e-10	1	ENSP00000245796-uc002tjc.2-uc002tjh.2, ENSP00000386722-uc009ytl.2-uc001oth.3, ENSP00000463916-uc001etp.2-uc001etq.2	0.999999999009	E
1	2.53494336665e-10	1	ENSP00000267836-uc001zwj.3-uc001zwh.3, ENSP00000271688-uc001evz.2-uc009wmh.2, ENSP00000287169-uc001nkx.1-uc001nky.1	0.999999999747	E
1	2.21058282814e-10	1	ENSP00000265993-uc001klb.3-uc001kla.3, ENSP00000417980-uc011mfc.1-uc004coe.2, ENSP00000440797-uc001xzg.2-uc001xzh.2	0.999999999779	E
1	1.48322021343e-10	1	ENSP00000343617-uc002qqw.2-uc010yhp.1, ENSP00000403783-uc002sbz.2-uc002scb.2, ENSP00000442370-uc010euf.2-uc002qpy.2	0.999999999852	E
1	8.19389001128e-11	1	ENSP00000344214-uc001vna.2-uc010tij.1, ENSP00000359364-uc002yeh.2-uc011aaq.1, ENSP00000365757-uc001irl.3-uc010qcu.1	0.999999999918	E
1	7.73101582782e-11	1	ENSP00000273261-uc003dmx.2-uc011bfu.1, ENSP00000370346-uc003zle.2-uc003zld.2, ENSP00000386810-uc010ywk.1-uc010ywl.1	0.999999999923	E
1	4.88705742553e-11	1	ENSP00000327009-uc002rmv.2-uc002rmw.2, ENSP00000365388-uc001isv.2-uc010qdf.1, ENSP00000413507-uc011kav.1-uc003tey.2	0.999999999951	E
1	3.45297124233e-11	1	ENSP00000264705-uc002rji.2-uc010eyw.2, ENSP00000269097-uc002iex.2-uc002ifc.2, ENSP00000299927-uc002bld.2-uc010upb.1	0.999999999965	E
1	2.44312348133e-11	1	ENSP00000384117-uc002ety.2-uc002etx.1, ENSP00000443442-uc001ria.2-uc001rif.1, ENSP00000448012-uc001tar.2-uc001taq.2	0.999999999976	E
1	2.16149320667e-11	1	ENSP00000242257-uc003slm.2-uc003slo.2, ENSP00000293261-uc002pix.1-uc010xzo.1, ENSP00000471213-uc011mxe.1-uc004fcw.3	0.999999999978	E
1	4.26958468581e-12	1	ENSP00000311291-uc003eqa.3-uc003eqb.3, ENSP00000318883-uc002zmw.2-uc002zna.2, ENSP00000471156-uc004eau.2-uc011mqe.1	0.999999999996	E
1	4.23705515119e-12	1	ENSP00000340557-uc003thi.3-uc003thk.2, ENSP00000352497-uc001fnp.2-uc010phe.1, ENSP00000415203-uc003gak.3-uc010ibf.2	0.999999999996	E
1	3.29725136084e-12	1	ENSP00000257287-uc003hbi.2-uc003hbj.2, ENSP00000257336-uc001vps.2-uc001vpv.2, ENSP00000345308-uc009wot.2-uc001fer.2	0.999999999997	E
1	2.43205455775e-12	1	ENSP00000290231-uc002xre.2-uc002xrc.2, ENSP00000373420-uc001job.2-uc001joa.2, ENSP00000417548-uc001msx.2-uc009yjn.1	0.999999999998	E
1	2.25575114144e-12	1	ENSP00000308893-uc002wah.1-uc002waj.1, ENSP00000354958-uc001fjm.2-uc009wql.2, ENSP00000358831-uc003pja.3-uc011dyt.1	0.999999999998	E
1	2.25031104862e-12	1	ENSP00000350967-uc002kzk.1-uc002kzo.1, ENSP00000364037-uc004bas.2-uc011lvf.1, ENSP00000454157-uc002tvu.2-uc010fnp.2	0.999999999998	E
1	2.20989893052e-12	1	ENSP00000310244-uc001zke.3-uc010bbg.2, ENSP00000465732-uc002nqj.2-uc002nqk.2, ENSP00000467785-uc002mwg.1-uc002mwf.2	0.999999999998	E
1	2.14106510299e-12	1	ENSP00000273261-uc003dmx.2-uc011bfu.1, ENSP00000356683-uc001gjf.3-uc009wwg.2, ENSP00000362285-uc001jrr.3-uc001jru.3	0.999999999998	E
1	2.0378143617e-12	1	ENSP00000217159-uc002ydb.1-uc002yde.1, ENSP00000259154-uc001hks.2-uc009xdn.2, ENSP00000345739-uc002mng.2-uc002mnf.2	0.999999999998	E
1	2.01350047746e-12	1	ENSP00000285046-uc003bzc.2-uc003bzd.2, ENSP00000299275-uc001reb.2-uc009zio.2, ENSP00000430684-uc003xow.1-uc010lxj.1	0.999999999998	E
1	2.0107249199e-12	1	ENSP00000252015-uc002xbk.2-uc002xbj.2, ENSP00000300658-uc002hsj.2-uc010cvy.2, ENSP00000380025-uc002vhp.1-uc010zjz.1	0.999999999998	E
1	1.98041583133e-12	1	ENSP00000294066-uc001obh.2-uc001obg.2, ENSP00000359050-uc009xwy.1-uc009xwx.1, ENSP00000364493-uc004aur.2-uc011luh.1	0.999999999998	E
1	1.9654278205e-12	1	ENSP00000274353-uc003kfu.3-uc011cti.1, ENSP00000338235-uc003yhz.2-uc010mbf.2, ENSP00000347444-uc004axj.2-uc011luy.1	0.999999999998	E
1	1.87361237636e-12	1	ENSP00000355973-uc001hif.2-uc009xcz.2, ENSP00000384432-uc002zee.2-uc002zef.2, ENSP00000417706-uc001vtr.1-uc010agw.1	0.999999999998	E
1	1.83819626187e-12	1	ENSP00000320797-uc002ixw.1-uc010wol.1, ENSP00000360373-uc004esv.2-uc010nqq.2, ENSP00000374183-uc004cgr.3-uc010nbg.2	0.999999999998	E
1	1.80500059344e-12	1	ENSP00000261413-uc003kbz.3-uc011csd.1, ENSP00000347999-uc002dbl.2-uc002dbi.2, ENSP00000358831-uc003pja.3-uc011dyt.1	0.999999999998	E
1	1.78368431136e-12	1	ENSP00000275034-uc003pir.2-uc003pio.3, ENSP00000327154-uc003owr.2-uc003ows.2, ENSP00000363283-uc001bmr.1-uc010ofe.1	0.999999999998	E
1	1.7401635688e-12	1	ENSP00000312618-uc003ela.3-uc003ele.2, ENSP00000348564-uc001zql.2-uc001zqj.2, ENSP00000352288-uc003bkv.3-uc003bkt.1	0.999999999998	E
1	1.67943436935e-12	1	ENSP00000250896-uc002lus.2-uc002luq.1, ENSP00000307272-uc002jyt.1-uc002jyu.1, ENSP00000341903-uc002usq.2-uc002usu.2	0.999999999998	E
1	1.61959334832e-12	1	ENSP00000350967-uc002kzk.1-uc002kzo.1, ENSP00000354958-uc001fjm.2-uc009wql.2, ENSP00000363089-uc004bjz.2-uc004bkb.2	0.999999999998	E
1	1.57562851655e-12	1	ENSP00000271657-uc001exr.2-uc010pcw.1, ENSP00000298317-uc001qde.2-uc010sbl.1, ENSP00000393776-uc003kcl.2-uc011csn.1	0.999999999998	E
1	1.57285295899e-12	1	ENSP00000202556-uc001yof.1-uc010awv.1, ENSP00000255304-uc001utc.2-uc001ute.1, ENSP00000401133-uc010ujs.1-uc010ujt.1	0.999999999998	E
1	1.46138656732e-12	1	ENSP00000252050-uc003ouk.2-uc003oun.2, ENSP00000325017-uc001qoo.2-uc010sfd.1, ENSP00000364037-uc004bas.2-uc011lvf.1	0.999999999999	E
1	1.39355194051e-12	1	ENSP00000328062-uc001tld.2-uc010sws.1, ENSP00000343617-uc002qqw.2-uc010yhp.1, ENSP00000471156-uc004eau.2-uc011mqe.1	0.999999999999	E
1	1.38999922683e-12	1	ENSP00000356042-uc003qru.3-uc011efr.1, ENSP00000401519-uc009yrp.2-uc001olc.3, ENSP00000415436-uc001rrx.2-uc001rru.2	0.999999999999	E
1	1.37101441311e-12	1	ENSP00000257700-uc003vda.1-uc010ljj.1, ENSP00000358694-uc001kyp.1-uc001kyq.1, ENSP00000369871-uc003znk.2-uc011lmz.1	0.999999999999	E
1	1.36446409727e-12	1	ENSP00000269025-uc002ima.2-uc002imb.2, ENSP00000327154-uc003owr.2-uc003ows.2, ENSP00000339145-uc002zdk.2-uc002zdl.2	0.999999999999	E
1	1.25988108835e-12	1	ENSP00000247178-uc001xbx.1-uc001xbw.1, ENSP00000362299-uc004bsj.3-uc011mam.1, ENSP00000366460-uc001iqg.1-uc009xkc.1	0.999999999999	E
1	1.22135634939e-12	1	ENSP00000252015-uc002xbk.2-uc002xbj.2, ENSP00000287169-uc001nkx.1-uc001nky.1, ENSP00000360112-uc001dbs.1-uc010opb.1	0.999999999999	E
1	1.21880283643e-12	1	ENSP00000364493-uc004aur.2-uc011luh.1, ENSP00000366036-uc010fiv.2-uc002tau.3, ENSP00000386810-uc010ywk.1-uc010ywl.1	0.999999999999	E
1	1.18494103418e-12	1	ENSP00000299927-uc002bld.2-uc010upb.1, ENSP00000344214-uc001vna.2-uc010tij.1, ENSP00000366460-uc001iqg.1-uc009xkc.1	0.999999999999	E
1	1.11954889803e-12	1	ENSP00000268482-uc002fcb.2-uc010vmp.1, ENSP00000359050-uc009xwy.1-uc009xwx.1, ENSP00000383401-uc002kod.1-uc002kof.2	0.999999999999	E
1	1.1091128016e-12	1	ENSP00000352288-uc003bkv.3-uc003bkt.1, ENSP00000358918-uc001kvy.1-uc009xxe.1, ENSP00000473631-uc001vmq.2-uc001vmr.2	0.999999999999	E
1	1.05004893669e-12	1	ENSP00000252699-uc002oja.1-uc002ojb.1, ENSP00000265140-uc003kkr.3-uc003kks.2, ENSP00000371535-uc003grg.2-uc003grh.2	0.999999999999	E
1	1.01485486681e-12	1	ENSP00000256689-uc001rpg.2-uc010sli.1, ENSP00000334800-uc003url.1-uc010lgf.1, ENSP00000347586-uc003ltq.2-uc011dcq.1	0.999999999999	E
1	1.01141317543e-12	1	ENSP00000230771-uc003lgx.2-uc011czu.1, ENSP00000252699-uc002oja.1-uc002ojb.1, ENSP00000365388-uc001isv.2-uc010qdf.1	0.999999999999	E
1	9.55013845783e-13	1	ENSP00000261486-uc003kpv.1-uc003kpu.1, ENSP00000294785-uc001fvx.2-uc010pjg.1, ENSP00000371535-uc003grg.2-uc003grh.2	0.999999999999	E
1	9.2648111405e-13	1	ENSP00000219473-uc002fii.2-uc010vof.1, ENSP00000343405-uc001jux.2-uc010qkq.1, ENSP00000364493-uc004aur.2-uc011luh.1	0.999999999999	E
1	7.76045894213e-13	1	ENSP00000294785-uc001fvx.2-uc010pjg.1, ENSP00000323929-uc001qvk.1-uc001qvj.1, ENSP00000401133-uc010ujs.1-uc010ujt.1	0.999999999999	E
1	7.70272734485e-13	1	ENSP00000194118-uc003llt.2-uc003llu.1, ENSP00000385839-uc001snt.2-uc009zpn.1, ENSP00000446289-uc003kdc.3-uc011css.1	0.999999999999	E
1	7.34634575395e-13	1	ENSP00000285046-uc003bzc.2-uc003bzd.2, ENSP00000350967-uc002kzk.1-uc002kzo.1, ENSP00000357448-uc001ffr.2-uc010pep.1	0.999999999999	E
1	6.41153796721e-13	1	ENSP00000299767-uc001tkb.1-uc010swg.1, ENSP00000413507-uc011kav.1-uc003tey.2, ENSP00000471213-uc011mxe.1-uc004fcw.3	0.999999999999	E
1	5.79203351947e-13	1	ENSP00000219473-uc002fii.2-uc010vof.1, ENSP00000257287-uc003hbi.2-uc003hbj.2, ENSP00000420793-uc002scl.2-uc010ypx.1	0.999999999999	E
1	5.27800025907e-13	1	ENSP00000184956-uc002iyk.1-uc010ddk.1, ENSP00000359050-uc009xwy.1-uc009xwx.1, ENSP00000362590-uc003onn.2-uc003onp.2	0.999999999999	E
1	4.42534897616e-13	1	ENSP00000271657-uc001exr.2-uc010pcw.1, ENSP00000294066-uc001obh.2-uc001obg.2, ENSP00000362590-uc003onn.2-uc003onp.2	1.0	E
1	4.27102797573e-13	1	ENSP00000198767-uc002dde.2-uc010uzp.1, ENSP00000298317-uc001qde.2-uc010sbl.1, ENSP00000380025-uc002vhp.1-uc010zjz.1	1.0	E
1	4.24549284617e-13	1	ENSP00000358831-uc003pja.3-uc011dyt.1, ENSP00000364493-uc004aur.2-uc011luh.1, ENSP00000386722-uc009ytl.2-uc001oth.3	1.0	E
1	4.22106793963e-13	1	ENSP00000313953-uc002rom.2-uc002ron.2, ENSP00000364037-uc004bas.2-uc011lvf.1, ENSP00000371535-uc003grg.2-uc003grh.2	1.0	E
1	4.01678690309e-13	1	ENSP00000194118-uc003llt.2-uc003llu.1, ENSP00000289877-uc001apb.2-uc001apc.2, ENSP00000369373-uc001mbm.1-uc001mbl.1	1.0	E
1	3.70925512527e-13	1	ENSP00000300658-uc002hsj.2-uc010cvy.2, ENSP00000354558, ENSP00000366460-uc001iqg.1-uc009xkc.1	1.0	E
1	3.09308134661e-13	1	ENSP00000258733-uc003swb.2-uc011jyz.1, ENSP00000307567-uc003cvx.2-uc011bcc.1, ENSP00000345895-uc003bfr.2-uc003bft.2	1.0	E
1	2.28816965375e-13	1	ENSP00000202556-uc001yof.1-uc010awv.1, ENSP00000357110-uc003qch.2-uc003qcd.1, ENSP00000415057-uc010ukd.1-uc010bik.1	1.0	E
1	2.21267448808e-13	1	ENSP00000332256-uc002bwn.3-uc010bpb.2, ENSP00000379294-uc010jbd.2-uc011cuj.1, ENSP00000417963-uc003oth.2-uc010jyd.2	1.0	E
1	2.13273843031e-13	1	ENSP00000164139-uc001oax.3-uc001oay.3, ENSP00000299767-uc001tkb.1-uc010swg.1, ENSP00000320688-uc003etr.2-uc011bmz.1	1.0	E
1	1.40554234918e-13	1	ENSP00000258654-uc001vak.2-uc010aci.2, ENSP00000271663-uc001exi.2-uc010pcv.1, ENSP00000291688-uc002zir.1-uc002zio.1	1.0	E
1	1.26343380202e-13	1	ENSP00000340557-uc003thi.3-uc003thk.2, ENSP00000341874-uc002kui.3-uc010xat.1, ENSP00000358694-uc001kyp.1-uc001kyq.1	1.0	E
1	6.01740879347e-14	1	ENSP00000318883-uc002zmw.2-uc002zna.2, ENSP00000358548-uc009wgu.2-uc001efh.3, ENSP00000402656-uc001gti.3-uc009wyx.2	1.0	E
1	2.24265050974e-14	1	ENSP00000251772-uc003ejg.2-uc003ejh.2, ENSP00000288078-uc002eyy.2-uc002eyz.2, ENSP00000324573-uc002gsr.1-uc002gsq.1	1.0	E
1	-2.57571741713e-14	1	ENSP00000328062-uc001tld.2-uc010sws.1, ENSP00000330470-uc003akk.2-uc003aki.2, ENSP00000441140-uc004arv.2-uc004arw.2	1.0	E
1	-4.48530101949e-14	1	ENSP00000164139-uc001oax.3-uc001oay.3, ENSP00000358548-uc009wgu.2-uc001efh.3, ENSP00000417980-uc011mfc.1-uc004coe.2	1.0	E
1	-1.26565424807e-13	1	ENSP00000307272-uc002jyt.1-uc002jyu.1, ENSP00000334738-uc003adk.2-uc011akg.1, ENSP00000371531-uc003zhl.1-uc003zhn.1	1.0	E
1	-1.56319401867e-13	1	ENSP00000255977-uc003vvt.2-uc011krd.1, ENSP00000265112-uc003jhy.2-uc011cob.1, ENSP00000439856-uc002nei.1-uc010xpg.1	1.0	E
1	-3.17301740438e-13	1	ENSP00000198767-uc002dde.2-uc010uzp.1, ENSP00000238667-uc001xrs.2-uc010tvd.1, ENSP00000358918-uc001kvy.1-uc009xxe.1	1.0	E
1	-3.33733041202e-13	1	ENSP00000238714-uc002sai.2-uc010fch.2, ENSP00000334738-uc003adk.2-uc011akg.1, ENSP00000415436-uc001rrx.2-uc001rru.2	1.0	E
1	-3.62376795238e-13	1	ENSP00000291688-uc002zir.1-uc002zio.1, ENSP00000401133-uc010ujs.1-uc010ujt.1, ENSP00000446100-uc002fgp.2-uc002fgr.1	1.0	E
1	-3.78808096002e-13	1	ENSP00000292538-uc003uyt.2-uc003uyz.2, ENSP00000307567-uc003cvx.2-uc011bcc.1, ENSP00000381844-uc001nxk.1-uc010rmr.1	1.0	E
1	-4.05009359383e-13	1	ENSP00000264350-uc003hrt.2-uc011cdm.1, ENSP00000345308-uc009wot.2-uc001fer.2, ENSP00000386722-uc009ytl.2-uc001oth.3	1.0	E
1	-5.90860693705e-13	1	ENSP00000357448-uc001ffr.2-uc010pep.1, ENSP00000360268-uc001kkz.2-uc010qoh.1, ENSP00000381844-uc001nxk.1-uc010rmr.1	1.0	E
1	-6.29496454962e-13	1	ENSP00000291688-uc002zir.1-uc002zio.1, ENSP00000366460-uc001iqg.1-uc009xkc.1, ENSP00000450052-uc011lvc.1-uc004azd.2	1.0	E
1	-7.15871806278e-13	1	ENSP00000263634-uc002rxg.1-uc002rxf.1, ENSP00000300737-uc001lyv.2-uc009yeg.2, ENSP00000365388-uc001isv.2-uc010qdf.1	1.0	E
1	-7.92921284187e-13	1	ENSP00000299767-uc001tkb.1-uc010swg.1, ENSP00000381844-uc001nxk.1-uc010rmr.1, ENSP00000385394	1.0	E
1	-8.25783885716e-13	1	ENSP00000258733-uc003swb.2-uc011jyz.1, ENSP00000332256-uc002bwn.3-uc010bpb.2, ENSP00000370630-uc001xmt.2-uc001xmw.2	1.0	E
1	-8.91731133379e-13	1	ENSP00000343206-uc004did.2-uc004die.2, ENSP00000360268-uc001kkz.2-uc010qoh.1, ENSP00000386722-uc009ytl.2-uc001oth.3	1.0	E
1	-9.0305540823e-13	1	ENSP00000271663-uc001exi.2-uc010pcv.1, ENSP00000300737-uc001lyv.2-uc009yeg.2, ENSP00000371734-uc003zgn.1-uc010mgx.1	1.0	E